,0,1,2,3,4,5,6,7,8,9,10
0,0.43,0.335,0.12,0.397,0.1985,0.0865,0.1035,0.0,0.0,1.0,1.0
1,0.615,0.5,0.17,1.054,0.4845,0.228,0.295,0.0,0.0,1.0,0.0
2,0.585,0.45,0.16,0.9045,0.405,0.2215,0.2335,1.0,0.0,0.0,0.0
3,0.295,0.225,0.08,0.124,0.0485,0.032,0.04,0.0,1.0,0.0,0.0
4,0.47,0.37,0.105,0.4665,0.2025,0.1015,0.155,0.0,0.0,1.0,0.0
5,0.35,0.265,0.08,0.192,0.081,0.0465,0.053,0.0,1.0,0.0,1.0
6,0.635,0.51,0.155,1.156,0.428,0.289,0.315,0.0,0.0,1.0,0.0
7,0.695,0.535,0.175,1.361,0.5465,0.2815,0.465,1.0,0.0,0.0,0.0
8,0.43,0.325,0.115,0.3865,0.1475,0.1065,0.11,1.0,0.0,0.0,0.0
9,0.595,0.465,0.15,1.0765,0.491,0.22,0.287,1.0,0.0,0.0,0.0
10,0.485,0.37,0.155,0.968,0.419,0.2455,0.2365,0.0,0.0,1.0,0.0
11,0.615,0.47,0.165,1.128,0.4465,0.2195,0.34,0.0,0.0,1.0,0.0
12,0.545,0.42,0.125,0.7170000000000001,0.358,0.112,0.22,0.0,1.0,0.0,0.0
13,0.495,0.375,0.12,0.589,0.3075,0.1215,0.1405,0.0,1.0,0.0,0.0
14,0.625,0.49,0.165,1.205,0.5175,0.3105,0.3465,0.0,0.0,1.0,0.0
15,0.25,0.185,0.065,0.071,0.027000000000000003,0.0185,0.0225,0.0,1.0,0.0,1.0
16,0.605,0.475,0.16,1.616,0.5495,0.332,0.34,0.0,0.0,1.0,0.0
17,0.295,0.21,0.08,0.1,0.038,0.026,0.031,0.0,1.0,0.0,0.0
18,0.6,0.495,0.185,1.1145,0.5055,0.2635,0.3670000000000001,0.0,0.0,1.0,0.0
19,0.62,0.51,0.205,1.3475,0.4775,0.2565,0.48,1.0,0.0,0.0,0.0
20,0.615,0.495,0.2,1.304,0.5795,0.3115,0.371,0.0,0.0,1.0,0.0
21,0.655,0.54,0.175,1.5585,0.7285,0.402,0.385,1.0,0.0,0.0,0.0
22,0.57,0.47,0.155,1.186,0.6355,0.2315,0.277,0.0,0.0,1.0,0.0
23,0.535,0.45,0.135,0.8075,0.322,0.181,0.25,1.0,0.0,0.0,0.0
24,0.605,0.475,0.14,1.1175,0.555,0.257,0.274,0.0,0.0,1.0,0.0
25,0.225,0.165,0.055,0.059,0.027000000000000003,0.0125,0.015,0.0,1.0,0.0,1.0
26,0.55,0.47,0.15,0.897,0.377,0.184,0.29,1.0,0.0,0.0,0.0
27,0.58,0.425,0.155,0.873,0.3615,0.249,0.239,1.0,0.0,0.0,0.0
28,0.525,0.4,0.13,0.8295,0.2405,0.1825,0.275,0.0,0.0,1.0,0.0
29,0.45,0.335,0.14,0.478,0.1865,0.115,0.16,0.0,0.0,1.0,0.0
30,0.435,0.3,0.12,0.5965,0.259,0.139,0.1645,0.0,1.0,0.0,0.0
31,0.75,0.595,0.205,2.2205,1.083,0.421,0.63,0.0,0.0,1.0,0.0
32,0.58,0.46,0.15,1.0490000000000002,0.5205,0.1935,0.305,0.0,0.0,1.0,0.0
33,0.62,0.47,0.2,1.2255,0.381,0.27,0.435,1.0,0.0,0.0,0.0
34,0.45,0.35,0.125,0.4435,0.185,0.09,0.145,1.0,0.0,0.0,0.0
35,0.43,0.35,0.105,0.366,0.1705,0.0855,0.11,0.0,1.0,0.0,1.0
36,0.59,0.44,0.15,0.9555,0.366,0.2425,0.295,0.0,0.0,1.0,0.0
37,0.64,0.49,0.14,1.194,0.4445,0.238,0.375,0.0,0.0,1.0,0.0
38,0.605,0.455,0.145,0.862,0.334,0.1985,0.3,1.0,0.0,0.0,0.0
39,0.525,0.425,0.12,0.8665,0.2825,0.17600000000000002,0.29,0.0,0.0,1.0,0.0
40,0.205,0.155,0.045,0.0495,0.0235,0.011,0.014,0.0,1.0,0.0,1.0
41,0.52,0.4,0.12,0.58,0.234,0.1315,0.185,0.0,0.0,1.0,0.0
42,0.4,0.315,0.085,0.2675,0.116,0.0585,0.0765,0.0,1.0,0.0,1.0
43,0.575,0.44,0.125,0.8515,0.4555,0.1715,0.1965,0.0,1.0,0.0,0.0
44,0.405,0.305,0.12,0.3185,0.1235,0.0905,0.095,0.0,0.0,1.0,1.0
45,0.67,0.525,0.195,1.37,0.6065,0.2955,0.407,1.0,0.0,0.0,0.0
46,0.645,0.55,0.175,1.2915,0.57,0.3045,0.33,1.0,0.0,0.0,0.0
47,0.565,0.45,0.175,1.0095,0.447,0.2375,0.2645,1.0,0.0,0.0,0.0
48,0.72,0.59,0.205,1.7495,0.7755,0.4225,0.48,1.0,0.0,0.0,0.0
49,0.675,0.55,0.19,1.551,0.7105,0.3685,0.412,1.0,0.0,0.0,0.0
50,0.55,0.425,0.16,0.97,0.2885,0.139,0.48,0.0,0.0,1.0,0.0
51,0.545,0.43,0.15,0.7285,0.302,0.1315,0.2545,0.0,1.0,0.0,0.0
52,0.545,0.41,0.125,0.6935,0.2975,0.146,0.21,1.0,0.0,0.0,0.0
53,0.655,0.5,0.22,1.359,0.642,0.3255,0.405,1.0,0.0,0.0,0.0
54,0.3,0.235,0.08,0.131,0.05,0.0265,0.043,0.0,1.0,0.0,1.0
55,0.51,0.395,0.155,0.5395,0.2465,0.1085,0.16699999999999998,0.0,1.0,0.0,0.0
56,0.505,0.39,0.115,0.66,0.3045,0.1555,0.175,1.0,0.0,0.0,0.0
57,0.655,0.52,0.2,1.5475,0.713,0.314,0.466,1.0,0.0,0.0,0.0
58,0.24,0.175,0.045,0.07,0.0315,0.0235,0.02,0.0,1.0,0.0,1.0
59,0.815,0.65,0.25,2.255,0.8905,0.42,0.7975,1.0,0.0,0.0,0.0
60,0.505,0.4,0.125,0.77,0.2735,0.159,0.255,0.0,0.0,1.0,0.0
61,0.515,0.415,0.135,0.7125,0.285,0.152,0.245,0.0,1.0,0.0,0.0
62,0.52,0.4,0.165,0.8565,0.2745,0.201,0.21,0.0,0.0,1.0,0.0
63,0.235,0.175,0.065,0.0615,0.0205,0.02,0.019,0.0,1.0,0.0,1.0
64,0.665,0.525,0.18,1.5785,0.6779999999999999,0.229,0.456,1.0,0.0,0.0,0.0
65,0.59,0.455,0.165,1.161,0.38,0.2455,0.28,1.0,0.0,0.0,0.0
66,0.695,0.545,0.185,1.5715,0.6645,0.3835,0.4505,0.0,0.0,1.0,0.0
67,0.5,0.365,0.13,0.5945,0.309,0.1085,0.1535,0.0,0.0,1.0,0.0
68,0.575,0.45,0.15,0.858,0.449,0.166,0.215,0.0,1.0,0.0,0.0
69,0.62,0.465,0.145,0.911,0.375,0.2145,0.278,0.0,0.0,1.0,0.0
70,0.42,0.315,0.1,0.3435,0.157,0.0795,0.09,0.0,1.0,0.0,1.0
71,0.735,0.59,0.215,1.747,0.7275,0.403,0.557,0.0,0.0,1.0,0.0
72,0.5,0.39,0.125,0.5215,0.2485,0.117,0.131,0.0,0.0,1.0,1.0
73,0.52,0.405,0.125,0.6435,0.2415,0.1735,0.21,1.0,0.0,0.0,0.0
74,0.58,0.44,0.125,0.7855,0.363,0.1955,0.195,1.0,0.0,0.0,0.0
75,0.635,0.505,0.165,1.251,0.5770000000000001,0.227,0.3825,1.0,0.0,0.0,0.0
76,0.565,0.45,0.185,0.9285,0.302,0.1805,0.265,1.0,0.0,0.0,0.0
77,0.57,0.435,0.14,0.8085,0.3235,0.183,0.22,1.0,0.0,0.0,0.0
78,0.595,0.465,0.15,0.919,0.4335,0.1765,0.262,0.0,0.0,1.0,0.0
79,0.535,0.42,0.15,0.7365,0.2785,0.18600000000000005,0.215,1.0,0.0,0.0,0.0
80,0.63,0.49,0.16,1.09,0.407,0.224,0.354,0.0,0.0,1.0,0.0
81,0.57,0.45,0.155,0.91,0.326,0.1895,0.355,0.0,0.0,1.0,0.0
82,0.555,0.44,0.145,0.8815,0.43,0.1975,0.2155,1.0,0.0,0.0,0.0
83,0.685,0.53,0.17,1.56,0.647,0.383,0.465,0.0,0.0,1.0,0.0
84,0.655,0.525,0.16,1.46,0.6859999999999999,0.311,0.405,0.0,0.0,1.0,0.0
85,0.495,0.4,0.155,0.6445,0.242,0.1325,0.205,1.0,0.0,0.0,0.0
86,0.155,0.105,0.05,0.0175,0.005,0.0035,0.005,0.0,1.0,0.0,1.0
87,0.61,0.48,0.165,1.244,0.6345,0.257,0.305,0.0,0.0,1.0,0.0
88,0.61,0.48,0.15,1.2,0.56,0.2455,0.28,0.0,0.0,1.0,0.0
89,0.62,0.485,0.165,1.1325,0.5235,0.2505,0.2825,0.0,0.0,1.0,0.0
90,0.485,0.355,0.13,0.581,0.245,0.132,0.168,0.0,1.0,0.0,0.0
91,0.51,0.405,0.125,0.6795,0.3465,0.1395,0.182,0.0,1.0,0.0,0.0
92,0.45,0.335,0.125,0.4475,0.2165,0.126,0.11,0.0,0.0,1.0,1.0
93,0.545,0.43,0.14,0.772,0.289,0.19,0.2615,0.0,1.0,0.0,0.0
94,0.47,0.355,0.13,0.5465,0.2005,0.126,0.185,1.0,0.0,0.0,0.0
95,0.66,0.535,0.2,1.791,0.733,0.318,0.54,0.0,0.0,1.0,0.0
96,0.575,0.455,0.185,1.156,0.5525,0.243,0.295,0.0,0.0,1.0,0.0
97,0.375,0.27,0.135,0.597,0.272,0.131,0.1675,1.0,0.0,0.0,1.0
98,0.47,0.375,0.12,0.6015,0.2765,0.1455,0.135,1.0,0.0,0.0,0.0
99,0.28,0.2,0.065,0.0895,0.036000000000000004,0.0185,0.03,0.0,1.0,0.0,1.0
100,0.615,0.53,0.17,1.12,0.5775,0.2095,0.28600000000000003,0.0,0.0,1.0,0.0
101,0.605,0.475,0.175,1.0759999999999998,0.463,0.2195,0.335,1.0,0.0,0.0,0.0
102,0.64,0.5,0.17,1.5175,0.693,0.326,0.409,1.0,0.0,0.0,0.0
103,0.59,0.44,0.14,1.007,0.4775,0.2105,0.2925,1.0,0.0,0.0,0.0
104,0.44,0.34,0.1,0.451,0.188,0.087,0.13,1.0,0.0,0.0,0.0
105,0.44,0.35,0.12,0.375,0.1425,0.0965,0.115,0.0,1.0,0.0,0.0
106,0.58,0.45,0.145,1.0025,0.547,0.1975,0.2295,0.0,0.0,1.0,0.0
107,0.52,0.415,0.14,0.6375,0.308,0.1335,0.168,0.0,1.0,0.0,0.0
108,0.315,0.21,0.06,0.125,0.06,0.0375,0.035,0.0,1.0,0.0,1.0
109,0.57,0.46,0.155,1.0005,0.454,0.205,0.265,0.0,0.0,1.0,0.0
110,0.46,0.33,0.15,0.5325,0.2085,0.1805,0.125,1.0,0.0,0.0,0.0
111,0.385,0.29,0.1,0.2575,0.1,0.061,0.086,0.0,1.0,0.0,1.0
112,0.31,0.225,0.05,0.1445,0.0675,0.0385,0.045,0.0,1.0,0.0,1.0
113,0.415,0.325,0.14,0.417,0.1535,0.1015,0.14400000000000002,0.0,0.0,1.0,0.0
114,0.505,0.385,0.145,0.6775,0.236,0.179,0.2,0.0,0.0,1.0,0.0
115,0.6,0.5,0.16,1.015,0.3995,0.1735,0.33,0.0,0.0,1.0,0.0
116,0.545,0.43,0.13,0.7595,0.358,0.153,0.2055,0.0,1.0,0.0,0.0
117,0.56,0.445,0.165,1.0285,0.4535,0.253,0.275,0.0,1.0,0.0,0.0
118,0.58,0.46,0.14,0.9265,0.4135,0.1845,0.27,0.0,1.0,0.0,0.0
119,0.59,0.45,0.16,0.893,0.2745,0.2185,0.345,0.0,1.0,0.0,0.0
120,0.45,0.35,0.13,0.547,0.245,0.1405,0.1405,0.0,1.0,0.0,0.0
121,0.235,0.175,0.04,0.0705,0.0335,0.015,0.02,0.0,1.0,0.0,1.0
122,0.585,0.465,0.19,1.171,0.3905,0.2355,0.4,0.0,0.0,1.0,0.0
123,0.37,0.29,0.08,0.2545,0.108,0.0565,0.07,0.0,1.0,0.0,1.0
124,0.455,0.365,0.135,0.441,0.1515,0.1165,0.145,0.0,1.0,0.0,0.0
125,0.63,0.48,0.16,1.199,0.5265,0.335,0.315,1.0,0.0,0.0,0.0
126,0.485,0.36,0.12,0.5155,0.2465,0.1025,0.147,0.0,1.0,0.0,0.0
127,0.55,0.44,0.165,0.8605,0.312,0.16899999999999998,0.3,0.0,1.0,0.0,0.0
128,0.675,0.535,0.22,1.604,0.6175,0.4255,0.453,1.0,0.0,0.0,0.0
129,0.465,0.37,0.11,0.445,0.1635,0.096,0.166,0.0,1.0,0.0,1.0
130,0.575,0.425,0.14,0.8635,0.393,0.227,0.2,0.0,0.0,1.0,0.0
131,0.675,0.51,0.185,1.473,0.6295,0.3025,0.4245,1.0,0.0,0.0,0.0
132,0.49,0.375,0.15,0.5755,0.22,0.14400000000000002,0.19,1.0,0.0,0.0,0.0
133,0.74,0.605,0.2,2.4925,1.1455,0.575,0.5235,0.0,0.0,1.0,0.0
134,0.505,0.385,0.15,0.6415,0.246,0.152,0.215,0.0,0.0,1.0,0.0
135,0.415,0.31,0.09,0.2815,0.1245,0.0615,0.085,0.0,1.0,0.0,1.0
136,0.445,0.34,0.145,0.434,0.1945,0.0905,0.13,0.0,1.0,0.0,1.0
137,0.72,0.565,0.19,2.081,1.0815,0.4305,0.503,0.0,0.0,1.0,0.0
138,0.455,0.36,0.115,0.457,0.2085,0.0855,0.147,0.0,1.0,0.0,0.0
139,0.59,0.445,0.13,1.1325,0.3825,0.234,0.32,1.0,0.0,0.0,0.0
140,0.57,0.44,0.19,1.018,0.447,0.207,0.265,1.0,0.0,0.0,0.0
141,0.655,0.49,0.175,1.3585,0.6395,0.294,0.365,0.0,0.0,1.0,0.0
142,0.675,0.545,0.185,1.7375,0.8759999999999999,0.3135,0.469,0.0,0.0,1.0,0.0
143,0.695,0.53,0.2,2.0475,0.75,0.4195,0.6095,1.0,0.0,0.0,0.0
144,0.595,0.455,0.15,1.044,0.518,0.2205,0.27,0.0,0.0,1.0,0.0
145,0.375,0.275,0.09,0.218,0.093,0.0405,0.0755,0.0,1.0,0.0,1.0
146,0.445,0.345,0.09,0.3795,0.14300000000000002,0.07400000000000001,0.125,0.0,0.0,1.0,0.0
147,0.605,0.475,0.175,1.2525,0.5575,0.3055,0.343,0.0,0.0,1.0,0.0
148,0.615,0.495,0.16,1.255,0.5815,0.3195,0.3225,1.0,0.0,0.0,0.0
149,0.495,0.37,0.125,0.4775,0.185,0.0705,0.16899999999999998,0.0,1.0,0.0,0.0
150,0.465,0.345,0.11,0.393,0.1825,0.0735,0.12,0.0,1.0,0.0,0.0
151,0.355,0.29,0.09,0.3275,0.134,0.086,0.09,0.0,0.0,1.0,0.0
152,0.355,0.26,0.09,0.1925,0.077,0.038,0.065,0.0,1.0,0.0,0.0
153,0.515,0.39,0.13,0.5755,0.1975,0.13,0.1845,1.0,0.0,0.0,0.0
154,0.335,0.255,0.075,0.1635,0.0615,0.0345,0.057,0.0,0.0,1.0,0.0
155,0.5,0.37,0.12,0.5445,0.249,0.1065,0.152,0.0,1.0,0.0,0.0
156,0.41,0.32,0.095,0.2905,0.141,0.063,0.073,0.0,1.0,0.0,1.0
157,0.57,0.45,0.135,1.02,0.546,0.204,0.25,0.0,0.0,1.0,0.0
158,0.325,0.2,0.08,0.0995,0.0395,0.0225,0.032,0.0,1.0,0.0,0.0
159,0.49,0.39,0.14,0.7070000000000001,0.2795,0.2185,0.18,0.0,0.0,1.0,0.0
160,0.595,0.455,0.16,1.04,0.452,0.2655,0.28800000000000003,1.0,0.0,0.0,0.0
161,0.625,0.495,0.18,1.0815,0.4715,0.254,0.3135,0.0,0.0,1.0,0.0
162,0.615,0.475,0.205,1.337,0.5995,0.2815,0.37,0.0,0.0,1.0,0.0
163,0.685,0.535,0.175,1.432,0.637,0.247,0.46,0.0,0.0,1.0,0.0
164,0.53,0.405,0.12,0.632,0.2715,0.14800000000000002,0.1875,0.0,1.0,0.0,0.0
165,0.525,0.43,0.165,0.7170000000000001,0.289,0.1745,0.195,1.0,0.0,0.0,0.0
166,0.46,0.35,0.115,0.4155,0.18,0.098,0.1175,0.0,1.0,0.0,1.0
167,0.515,0.4,0.125,0.5625,0.25,0.1245,0.17,0.0,1.0,0.0,1.0
168,0.31,0.22,0.085,0.146,0.061,0.0365,0.045,0.0,0.0,1.0,1.0
169,0.61,0.48,0.165,1.2435,0.5575,0.2675,0.3720000000000001,0.0,0.0,1.0,0.0
170,0.575,0.46,0.185,1.094,0.4485,0.217,0.345,1.0,0.0,0.0,0.0
171,0.435,0.33,0.105,0.335,0.156,0.0555,0.105,0.0,1.0,0.0,0.0
172,0.27,0.205,0.05,0.084,0.03,0.0185,0.029,0.0,1.0,0.0,1.0
173,0.545,0.42,0.14,0.7505,0.2475,0.13,0.255,0.0,0.0,1.0,0.0
174,0.32,0.24,0.07,0.133,0.0585,0.0255,0.041,0.0,1.0,0.0,1.0
175,0.57,0.495,0.16,1.0915,0.452,0.275,0.315,1.0,0.0,0.0,0.0
176,0.385,0.28,0.085,0.2175,0.097,0.038,0.067,0.0,1.0,0.0,0.0
177,0.665,0.515,0.165,1.3855,0.621,0.302,0.3445,0.0,0.0,1.0,0.0
178,0.425,0.345,0.125,0.425,0.16,0.0795,0.154,0.0,1.0,0.0,0.0
179,0.61,0.475,0.155,0.983,0.4565,0.228,0.266,0.0,0.0,1.0,0.0
180,0.47,0.375,0.125,0.5225,0.2265,0.104,0.162,0.0,1.0,0.0,0.0
181,0.56,0.435,0.15,0.8715,0.4755,0.1835,0.1835,1.0,0.0,0.0,0.0
182,0.615,0.525,0.155,1.1375,0.3670000000000001,0.236,0.37,0.0,0.0,1.0,0.0
183,0.3,0.22,0.065,0.1235,0.059,0.026,0.0315,0.0,1.0,0.0,1.0
184,0.67,0.52,0.15,1.406,0.519,0.348,0.37,1.0,0.0,0.0,0.0
185,0.47,0.375,0.125,0.5615,0.252,0.13699999999999998,0.18,1.0,0.0,0.0,0.0
186,0.755,0.625,0.21,2.505,1.1965,0.513,0.6785,1.0,0.0,0.0,0.0
187,0.66,0.525,0.19,1.67,0.6525,0.4875,0.49,1.0,0.0,0.0,0.0
188,0.35,0.265,0.09,0.197,0.073,0.0365,0.077,0.0,0.0,1.0,1.0
189,0.455,0.335,0.135,0.501,0.274,0.0995,0.1065,0.0,1.0,0.0,1.0
190,0.395,0.29,0.095,0.319,0.138,0.08,0.08199999999999999,0.0,1.0,0.0,1.0
191,0.525,0.39,0.12,0.664,0.3115,0.147,0.17800000000000002,0.0,1.0,0.0,0.0
192,0.37,0.275,0.095,0.257,0.1015,0.055,0.0825,0.0,1.0,0.0,1.0
193,0.595,0.46,0.15,0.8335,0.377,0.1925,0.235,0.0,1.0,0.0,0.0
194,0.485,0.385,0.105,0.556,0.29600000000000004,0.104,0.133,0.0,0.0,1.0,1.0
195,0.575,0.475,0.17,0.967,0.3775,0.284,0.275,0.0,1.0,0.0,0.0
196,0.475,0.36,0.11,0.4920000000000001,0.211,0.11,0.15,0.0,1.0,0.0,0.0
197,0.515,0.395,0.135,1.007,0.472,0.2495,0.252,0.0,0.0,1.0,0.0
198,0.52,0.46,0.15,1.019,0.523,0.1985,0.254,1.0,0.0,0.0,1.0
199,0.33,0.265,0.085,0.196,0.0775,0.0305,0.0445,0.0,1.0,0.0,1.0
200,0.13,0.1,0.03,0.013,0.0045,0.003,0.004,0.0,1.0,0.0,1.0
201,0.565,0.46,0.15,0.8765,0.3455,0.1925,0.275,1.0,0.0,0.0,0.0
202,0.24,0.18,0.055,0.0555,0.0235,0.013,0.018000000000000002,0.0,1.0,0.0,1.0
203,0.48,0.38,0.13,0.6175,0.3,0.142,0.175,0.0,0.0,1.0,0.0
204,0.69,0.58,0.195,1.658,0.708,0.3615,0.4715,1.0,0.0,0.0,0.0
205,0.33,0.245,0.085,0.171,0.0655,0.0365,0.055,0.0,0.0,1.0,0.0
206,0.61,0.475,0.15,1.142,0.62,0.237,0.245,0.0,0.0,1.0,0.0
207,0.195,0.15,0.045,0.0375,0.018000000000000002,0.006,0.011,0.0,1.0,0.0,1.0
208,0.67,0.525,0.19,1.527,0.5755,0.353,0.44,1.0,0.0,0.0,0.0
209,0.6,0.445,0.175,1.057,0.383,0.21600000000000005,0.355,0.0,1.0,0.0,0.0
210,0.57,0.465,0.125,0.8490000000000001,0.3785,0.1765,0.24,0.0,0.0,1.0,0.0
211,0.62,0.46,0.17,1.127,0.535,0.2635,0.29600000000000004,0.0,0.0,1.0,1.0
212,0.3,0.22,0.08,0.121,0.0475,0.042,0.035,0.0,1.0,0.0,1.0
213,0.51,0.4,0.14,0.6515,0.2455,0.1665,0.185,0.0,0.0,1.0,0.0
214,0.62,0.485,0.155,1.0490000000000002,0.462,0.231,0.25,0.0,0.0,1.0,0.0
215,0.72,0.57,0.2,1.8275,0.919,0.366,0.485,0.0,0.0,1.0,0.0
216,0.55,0.435,0.14,0.7535,0.3285,0.1555,0.2325,0.0,1.0,0.0,0.0
217,0.545,0.44,0.12,0.8565,0.3475,0.1715,0.24,0.0,0.0,1.0,0.0
218,0.575,0.445,0.145,0.847,0.415,0.1945,0.22,0.0,0.0,1.0,0.0
219,0.625,0.47,0.17,1.1665,0.4605,0.2565,0.3945,0.0,0.0,1.0,0.0
220,0.385,0.315,0.11,0.28600000000000003,0.1225,0.0635,0.0835,1.0,0.0,0.0,0.0
221,0.615,0.47,0.155,1.084,0.5885,0.209,0.246,1.0,0.0,0.0,0.0
222,0.63,0.48,0.15,1.0525,0.392,0.336,0.285,1.0,0.0,0.0,0.0
223,0.515,0.42,0.14,0.769,0.2505,0.154,0.29,0.0,0.0,1.0,0.0
224,0.485,0.375,0.145,0.5885,0.2385,0.1155,0.19,1.0,0.0,0.0,0.0
225,0.395,0.3,0.09,0.279,0.134,0.049,0.075,0.0,1.0,0.0,0.0
226,0.4,0.31,0.11,0.314,0.138,0.057,0.1,0.0,0.0,1.0,0.0
227,0.655,0.505,0.175,1.2905,0.6205,0.2965,0.326,1.0,0.0,0.0,0.0
228,0.565,0.455,0.15,0.8205,0.365,0.159,0.26,1.0,0.0,0.0,0.0
229,0.42,0.3,0.105,0.316,0.1255,0.07,0.1035,0.0,1.0,0.0,1.0
230,0.44,0.345,0.13,0.4495,0.209,0.0835,0.134,0.0,1.0,0.0,1.0
231,0.325,0.25,0.08,0.1735,0.0765,0.0345,0.049,0.0,1.0,0.0,1.0
232,0.47,0.375,0.13,0.523,0.214,0.132,0.145,0.0,0.0,1.0,0.0
233,0.605,0.475,0.15,1.15,0.575,0.232,0.297,0.0,0.0,1.0,0.0
234,0.72,0.575,0.215,2.173,0.9515,0.564,0.5365,0.0,0.0,1.0,0.0
235,0.57,0.435,0.17,0.848,0.4,0.166,0.25,0.0,1.0,0.0,0.0
236,0.545,0.41,0.14,0.625,0.223,0.16,0.235,0.0,0.0,1.0,0.0
237,0.35,0.265,0.09,0.1855,0.0745,0.0415,0.06,1.0,0.0,0.0,1.0
238,0.65,0.495,0.17,1.276,0.6215,0.2305,0.399,0.0,0.0,1.0,0.0
239,0.365,0.27,0.105,0.2155,0.0915,0.0475,0.063,0.0,1.0,0.0,1.0
240,0.64,0.475,0.175,1.1545,0.4865,0.341,0.28800000000000003,1.0,0.0,0.0,0.0
241,0.525,0.405,0.125,0.657,0.2985,0.1505,0.168,0.0,1.0,0.0,0.0
242,0.365,0.27,0.09,0.2155,0.1005,0.049,0.0655,0.0,1.0,0.0,1.0
243,0.49,0.355,0.16,0.8795,0.3485,0.215,0.2825,1.0,0.0,0.0,0.0
244,0.495,0.415,0.165,0.7485,0.264,0.134,0.285,0.0,0.0,1.0,0.0
245,0.53,0.4,0.125,0.617,0.279,0.127,0.19,0.0,1.0,0.0,0.0
246,0.42,0.325,0.11,0.325,0.1245,0.0755,0.1025,0.0,1.0,0.0,1.0
247,0.515,0.37,0.115,0.6145,0.3415,0.155,0.146,0.0,0.0,1.0,0.0
248,0.495,0.385,0.13,0.6905,0.3125,0.179,0.175,1.0,0.0,0.0,0.0
249,0.405,0.3,0.105,0.304,0.1455,0.061,0.0805,0.0,1.0,0.0,1.0
250,0.465,0.35,0.115,0.421,0.1565,0.091,0.1345,1.0,0.0,0.0,0.0
251,0.66,0.535,0.175,1.5175,0.711,0.3125,0.415,1.0,0.0,0.0,0.0
252,0.47,0.375,0.105,0.513,0.232,0.142,0.13,1.0,0.0,0.0,0.0
253,0.52,0.415,0.14,0.6385,0.2945,0.1405,0.171,0.0,1.0,0.0,0.0
254,0.58,0.46,0.185,1.017,0.3515,0.2,0.32,1.0,0.0,0.0,0.0
255,0.415,0.325,0.105,0.38,0.1595,0.0785,0.12,1.0,0.0,0.0,0.0
256,0.72,0.575,0.18,1.6705,0.732,0.3605,0.501,1.0,0.0,0.0,0.0
257,0.6,0.47,0.15,0.922,0.363,0.194,0.305,1.0,0.0,0.0,0.0
258,0.465,0.36,0.11,0.4955,0.2665,0.085,0.121,0.0,0.0,1.0,1.0
259,0.45,0.345,0.105,0.4115,0.18,0.1125,0.135,0.0,0.0,1.0,1.0
260,0.47,0.37,0.18,0.51,0.1915,0.1285,0.1625,0.0,0.0,1.0,0.0
261,0.355,0.275,0.085,0.22,0.092,0.06,0.15,0.0,1.0,0.0,0.0
262,0.65,0.51,0.175,1.35,0.575,0.3155,0.3885,1.0,0.0,0.0,0.0
263,0.54,0.44,0.16,1.0905,0.391,0.2295,0.355,1.0,0.0,0.0,0.0
264,0.595,0.46,0.14,0.852,0.4215,0.2255,0.227,0.0,0.0,1.0,0.0
265,0.46,0.425,0.155,0.746,0.3005,0.152,0.24,1.0,0.0,0.0,0.0
266,0.36,0.28,0.09,0.2255,0.0885,0.04,0.09,0.0,1.0,0.0,0.0
267,0.6,0.455,0.145,0.8895,0.419,0.1715,0.269,1.0,0.0,0.0,0.0
268,0.5,0.39,0.12,0.5955,0.2455,0.147,0.173,0.0,1.0,0.0,0.0
269,0.61,0.48,0.19,1.2955,0.5215,0.3225,0.365,1.0,0.0,0.0,0.0
270,0.38,0.29,0.105,0.257,0.099,0.051,0.085,1.0,0.0,0.0,0.0
271,0.655,0.51,0.16,1.092,0.396,0.2825,0.37,1.0,0.0,0.0,0.0
272,0.7,0.53,0.19,1.3185,0.5479999999999999,0.233,0.42,0.0,0.0,1.0,0.0
273,0.645,0.52,0.18,1.285,0.5775,0.35200000000000004,0.317,1.0,0.0,0.0,0.0
274,0.645,0.5,0.2,1.4285,0.639,0.305,0.36,1.0,0.0,0.0,0.0
275,0.425,0.315,0.1,0.377,0.1645,0.07200000000000001,0.105,0.0,1.0,0.0,1.0
276,0.725,0.56,0.21,2.141,0.65,0.398,1.005,1.0,0.0,0.0,0.0
277,0.655,0.5,0.205,1.528,0.6215,0.3725,0.4535,1.0,0.0,0.0,0.0
278,0.66,0.5,0.165,1.3195,0.667,0.269,0.341,0.0,0.0,1.0,0.0
279,0.16,0.12,0.02,0.018000000000000002,0.0075,0.0045,0.005,0.0,1.0,0.0,1.0
280,0.36,0.265,0.085,0.1865,0.0675,0.037000000000000005,0.0615,0.0,1.0,0.0,1.0
281,0.375,0.28,0.09,0.215,0.084,0.06,0.055,0.0,1.0,0.0,1.0
282,0.675,0.515,0.145,1.265,0.6025,0.299,0.325,0.0,0.0,1.0,0.0
283,0.46,0.365,0.115,0.4485,0.165,0.083,0.17,1.0,0.0,0.0,0.0
284,0.63,0.47,0.155,1.1325,0.589,0.211,0.287,0.0,0.0,1.0,0.0
285,0.33,0.26,0.08,0.2,0.0625,0.05,0.07,1.0,0.0,0.0,0.0
286,0.49,0.385,0.125,0.5395,0.2175,0.128,0.165,1.0,0.0,0.0,0.0
287,0.515,0.39,0.12,0.6125,0.302,0.1365,0.1415,0.0,0.0,1.0,0.0
288,0.5,0.38,0.155,0.5955,0.2135,0.161,0.2,0.0,0.0,1.0,0.0
289,0.62,0.505,0.16,1.3725,0.6285,0.275,0.3685,1.0,0.0,0.0,0.0
290,0.525,0.43,0.135,0.8435,0.4325,0.18,0.1815,1.0,0.0,0.0,0.0
291,0.575,0.45,0.135,0.8285,0.362,0.1655,0.236,1.0,0.0,0.0,0.0
292,0.62,0.515,0.155,1.3255,0.6685,0.2605,0.335,1.0,0.0,0.0,0.0
293,0.525,0.4,0.14,0.6955,0.2405,0.16,0.253,0.0,1.0,0.0,0.0
294,0.605,0.435,0.13,0.9025,0.4320000000000001,0.174,0.26,0.0,1.0,0.0,0.0
295,0.585,0.42,0.145,0.6735,0.2895,0.1345,0.22,0.0,1.0,0.0,0.0
296,0.715,0.525,0.185,1.56,0.6655,0.383,0.405,1.0,0.0,0.0,0.0
297,0.71,0.575,0.175,1.555,0.6465,0.3705,0.52,1.0,0.0,0.0,0.0
298,0.565,0.435,0.145,0.8445,0.3975,0.158,0.255,0.0,1.0,0.0,0.0
299,0.515,0.39,0.11,0.531,0.2415,0.098,0.1615,0.0,1.0,0.0,0.0
300,0.345,0.26,0.09,0.207,0.0775,0.0435,0.0765,1.0,0.0,0.0,0.0
301,0.49,0.37,0.105,0.5265,0.249,0.1005,0.14800000000000002,1.0,0.0,0.0,1.0
302,0.355,0.28,0.085,0.2905,0.095,0.0395,0.115,0.0,1.0,0.0,1.0
303,0.6,0.5,0.155,1.332,0.6235,0.2835,0.35,1.0,0.0,0.0,0.0
304,0.58,0.455,0.17,0.93,0.408,0.259,0.22,0.0,0.0,1.0,0.0
305,0.53,0.43,0.15,0.741,0.325,0.1855,0.196,1.0,0.0,0.0,0.0
306,0.475,0.385,0.12,0.562,0.289,0.0905,0.153,0.0,0.0,1.0,0.0
307,0.415,0.305,0.12,0.336,0.165,0.076,0.0805,0.0,1.0,0.0,1.0
308,0.36,0.27,0.095,0.2,0.073,0.056,0.061,0.0,1.0,0.0,0.0
309,0.48,0.375,0.145,0.777,0.21600000000000005,0.13,0.17,0.0,0.0,1.0,0.0
310,0.37,0.285,0.105,0.27,0.1125,0.0585,0.0835,1.0,0.0,0.0,0.0
311,0.535,0.415,0.135,0.78,0.3165,0.16899999999999998,0.2365,0.0,0.0,1.0,0.0
312,0.375,0.285,0.1,0.239,0.105,0.0555,0.07,0.0,1.0,0.0,0.0
313,0.51,0.405,0.15,0.7035,0.34700000000000003,0.134,0.1885,0.0,0.0,1.0,0.0
314,0.655,0.5,0.14,1.1705,0.5405,0.3175,0.285,1.0,0.0,0.0,0.0
315,0.585,0.455,0.145,0.953,0.3945,0.2685,0.258,0.0,0.0,1.0,0.0
316,0.33,0.225,0.075,0.187,0.0945,0.0395,0.0425,0.0,1.0,0.0,1.0
317,0.255,0.19,0.05,0.083,0.0295,0.0215,0.027000000000000003,0.0,1.0,0.0,1.0
318,0.36,0.25,0.115,0.465,0.21,0.1055,0.128,0.0,1.0,0.0,1.0
319,0.625,0.485,0.135,1.3025,0.61,0.2675,0.3605,1.0,0.0,0.0,0.0
320,0.685,0.545,0.18,1.768,0.7495,0.392,0.485,1.0,0.0,0.0,0.0
321,0.415,0.31,0.095,0.311,0.1125,0.0625,0.115,0.0,1.0,0.0,0.0
322,0.61,0.495,0.19,1.213,0.464,0.306,0.365,1.0,0.0,0.0,0.0
323,0.71,0.55,0.2,1.9045,0.882,0.44,0.5,0.0,0.0,1.0,0.0
324,0.535,0.46,0.145,0.7875,0.3395,0.2005,0.2,1.0,0.0,0.0,0.0
325,0.5,0.39,0.13,0.6355,0.2505,0.1635,0.195,1.0,0.0,0.0,0.0
326,0.49,0.38,0.125,0.5489999999999999,0.245,0.1075,0.174,1.0,0.0,0.0,0.0
327,0.35,0.28,0.075,0.196,0.08199999999999999,0.04,0.064,0.0,1.0,0.0,0.0
328,0.385,0.285,0.085,0.244,0.1215,0.0445,0.068,0.0,1.0,0.0,0.0
329,0.635,0.515,0.16,1.2075,0.5385,0.282,0.345,0.0,0.0,1.0,0.0
330,0.59,0.475,0.14,0.977,0.4625,0.2025,0.275,0.0,0.0,1.0,0.0
331,0.725,0.565,0.21,2.1425,1.03,0.487,0.503,1.0,0.0,0.0,0.0
332,0.515,0.4,0.125,0.955,0.341,0.2535,0.26,0.0,0.0,1.0,0.0
333,0.295,0.23,0.085,0.125,0.042,0.0285,0.043,0.0,0.0,1.0,0.0
334,0.47,0.365,0.1,0.411,0.175,0.0855,0.135,0.0,1.0,0.0,0.0
335,0.455,0.355,0.08,0.452,0.2165,0.0995,0.125,0.0,1.0,0.0,0.0
336,0.58,0.465,0.145,0.9865,0.47,0.2155,0.25,1.0,0.0,0.0,0.0
337,0.62,0.465,0.19,1.3415,0.5705,0.3175,0.355,0.0,0.0,1.0,0.0
338,0.665,0.54,0.195,1.764,0.8505,0.3615,0.47,1.0,0.0,0.0,0.0
339,0.635,0.5,0.18,1.154,0.4405,0.2315,0.387,0.0,0.0,1.0,0.0
340,0.52,0.38,0.115,0.6645,0.3285,0.17,0.1425,0.0,1.0,0.0,1.0
341,0.545,0.405,0.13,0.6579999999999999,0.327,0.1445,0.174,0.0,1.0,0.0,0.0
342,0.695,0.55,0.205,2.173,1.133,0.4665,0.496,0.0,0.0,1.0,0.0
343,0.535,0.405,0.145,0.6845,0.2725,0.171,0.205,1.0,0.0,0.0,0.0
344,0.455,0.35,0.105,0.4445,0.213,0.107,0.1115,0.0,1.0,0.0,1.0
345,0.525,0.385,0.13,0.607,0.2355,0.125,0.195,0.0,1.0,0.0,0.0
346,0.58,0.425,0.15,0.8440000000000001,0.3645,0.185,0.2705,1.0,0.0,0.0,0.0
347,0.605,0.475,0.165,1.056,0.433,0.2195,0.35700000000000004,1.0,0.0,0.0,0.0
348,0.57,0.46,0.15,1.0375,0.5415,0.2035,0.25,0.0,0.0,1.0,0.0
349,0.63,0.48,0.175,1.3675,0.5015,0.3035,0.515,1.0,0.0,0.0,0.0
350,0.56,0.43,0.145,0.8995,0.464,0.1775,0.234,0.0,0.0,1.0,0.0
351,0.5,0.37,0.115,0.5745,0.306,0.112,0.141,0.0,1.0,0.0,1.0
352,0.6,0.48,0.165,0.9165,0.4135,0.1965,0.2725,0.0,0.0,1.0,0.0
353,0.455,0.345,0.11,0.434,0.207,0.0855,0.1215,0.0,1.0,0.0,0.0
354,0.625,0.5,0.16,1.217,0.5725,0.207,0.355,1.0,0.0,0.0,0.0
355,0.595,0.475,0.165,1.148,0.444,0.214,0.37,1.0,0.0,0.0,0.0
356,0.615,0.48,0.185,1.2205,0.4985,0.315,0.33,0.0,0.0,1.0,0.0
357,0.375,0.285,0.09,0.237,0.106,0.0395,0.08,0.0,1.0,0.0,0.0
358,0.425,0.34,0.105,0.389,0.2015,0.0905,0.08800000000000001,0.0,1.0,0.0,1.0
359,0.565,0.455,0.15,0.9795,0.444,0.205,0.275,0.0,0.0,1.0,0.0
360,0.62,0.48,0.165,1.0125,0.5325,0.4365,0.324,1.0,0.0,0.0,0.0
361,0.7,0.55,0.2,1.523,0.693,0.306,0.4405,0.0,0.0,1.0,0.0
362,0.45,0.35,0.135,0.56,0.231,0.13699999999999998,0.145,1.0,0.0,0.0,0.0
363,0.675,0.52,0.145,1.3645,0.557,0.3405,0.385,0.0,0.0,1.0,0.0
364,0.625,0.52,0.175,1.4105,0.691,0.322,0.3465,0.0,0.0,1.0,0.0
365,0.49,0.395,0.12,0.674,0.3325,0.1235,0.185,0.0,0.0,1.0,0.0
366,0.54,0.44,0.135,0.959,0.2385,0.221,0.3,1.0,0.0,0.0,0.0
367,0.63,0.485,0.16,1.243,0.623,0.275,0.3,0.0,0.0,1.0,0.0
368,0.575,0.45,0.13,0.785,0.318,0.193,0.2265,0.0,0.0,1.0,0.0
369,0.425,0.32,0.085,0.262,0.1235,0.067,0.0725,0.0,1.0,0.0,0.0
370,0.215,0.15,0.055,0.041,0.015,0.009000000000000001,0.0125,0.0,1.0,0.0,1.0
371,0.605,0.48,0.175,1.1685,0.4815,0.2305,0.35600000000000004,1.0,0.0,0.0,0.0
372,0.5,0.395,0.14,0.6215,0.2925,0.1205,0.195,0.0,1.0,0.0,0.0
373,0.625,0.515,0.16,1.264,0.5715,0.326,0.321,1.0,0.0,0.0,0.0
374,0.36,0.265,0.075,0.1785,0.0785,0.035,0.054000000000000006,0.0,1.0,0.0,1.0
375,0.525,0.425,0.14,0.8735,0.4205,0.182,0.2225,1.0,0.0,0.0,0.0
376,0.39,0.28,0.125,0.564,0.3035,0.0955,0.14300000000000002,0.0,0.0,1.0,1.0
377,0.55,0.415,0.135,0.8145,0.4270000000000001,0.1855,0.175,1.0,0.0,0.0,0.0
378,0.68,0.53,0.185,1.1095,0.439,0.245,0.34,0.0,1.0,0.0,0.0
379,0.47,0.365,0.12,0.5820000000000001,0.29,0.092,0.146,1.0,0.0,0.0,0.0
380,0.46,0.355,0.11,0.436,0.1975,0.096,0.125,0.0,1.0,0.0,0.0
381,0.61,0.49,0.15,1.103,0.425,0.2025,0.36,0.0,0.0,1.0,0.0
382,0.375,0.275,0.095,0.2295,0.095,0.0545,0.066,0.0,1.0,0.0,1.0
383,0.485,0.38,0.14,0.6729999999999999,0.2175,0.13,0.195,0.0,1.0,0.0,0.0
384,0.65,0.515,0.185,1.3745,0.75,0.1805,0.369,0.0,0.0,1.0,0.0
385,0.45,0.33,0.1,0.411,0.1945,0.1,0.098,0.0,1.0,0.0,1.0
386,0.355,0.285,0.095,0.2275,0.0955,0.0475,0.0715,0.0,1.0,0.0,1.0
387,0.63,0.475,0.155,1.0005,0.452,0.252,0.265,1.0,0.0,0.0,0.0
388,0.48,0.4,0.125,0.759,0.2125,0.179,0.24,1.0,0.0,0.0,0.0
389,0.525,0.4,0.17,0.7305,0.279,0.2055,0.195,0.0,0.0,1.0,0.0
390,0.64,0.51,0.165,1.486,0.7595,0.332,0.321,1.0,0.0,0.0,0.0
391,0.555,0.41,0.125,0.599,0.2345,0.1465,0.194,0.0,0.0,1.0,0.0
392,0.34,0.255,0.095,0.213,0.081,0.034,0.07,0.0,0.0,1.0,0.0
393,0.4,0.29,0.11,0.329,0.188,0.0455,0.0825,0.0,1.0,0.0,1.0
394,0.52,0.4,0.145,0.7765,0.3525,0.1845,0.185,0.0,0.0,1.0,0.0
395,0.55,0.43,0.18,0.8265,0.4405,0.159,0.225,0.0,0.0,1.0,0.0
396,0.44,0.345,0.105,0.4285,0.165,0.083,0.132,1.0,0.0,0.0,0.0
397,0.255,0.185,0.06,0.0925,0.039,0.021,0.025,0.0,1.0,0.0,1.0
398,0.56,0.44,0.17,0.9445,0.3545,0.2175,0.3,0.0,1.0,0.0,0.0
399,0.59,0.46,0.16,1.0115,0.445,0.2615,0.2565,1.0,0.0,0.0,0.0
400,0.35,0.26,0.085,0.174,0.0705,0.0345,0.06,0.0,1.0,0.0,0.0
401,0.47,0.355,0.115,0.4155,0.16699999999999998,0.084,0.139,0.0,1.0,0.0,1.0
402,0.35,0.26,0.095,0.221,0.0985,0.043,0.07,0.0,1.0,0.0,0.0
403,0.45,0.355,0.12,0.3955,0.147,0.0765,0.145,0.0,0.0,1.0,0.0
404,0.705,0.555,0.2,1.4685,0.4715,0.3235,0.52,1.0,0.0,0.0,0.0
405,0.57,0.455,0.15,1.107,0.54,0.255,0.27,1.0,0.0,0.0,0.0
406,0.435,0.335,0.11,0.4385,0.2075,0.0715,0.1315,0.0,0.0,1.0,1.0
407,0.49,0.375,0.125,0.5445,0.279,0.115,0.13,0.0,1.0,0.0,0.0
408,0.47,0.36,0.1,0.4705,0.1635,0.08900000000000001,0.1385,1.0,0.0,0.0,0.0
409,0.53,0.41,0.165,0.732,0.189,0.17,0.31,0.0,0.0,1.0,0.0
410,0.52,0.385,0.14,0.6595,0.2485,0.2035,0.16,0.0,0.0,1.0,0.0
411,0.37,0.27,0.09,0.1855,0.07,0.0425,0.065,0.0,1.0,0.0,1.0
412,0.44,0.34,0.12,0.4995,0.2965,0.0945,0.1185,0.0,1.0,0.0,1.0
413,0.425,0.325,0.1,0.398,0.1185,0.0645,0.0945,0.0,1.0,0.0,1.0
414,0.6,0.5,0.16,1.122,0.5095,0.256,0.309,1.0,0.0,0.0,0.0
415,0.605,0.475,0.175,1.382,0.609,0.2325,0.3985,1.0,0.0,0.0,0.0
416,0.67,0.54,0.165,1.5015,0.518,0.358,0.505,1.0,0.0,0.0,0.0
417,0.69,0.525,0.175,1.7005,0.8255,0.362,0.405,0.0,0.0,1.0,0.0
418,0.475,0.37,0.125,0.649,0.34700000000000003,0.136,0.142,0.0,0.0,1.0,0.0
419,0.345,0.265,0.1,0.2455,0.111,0.0535,0.065,0.0,1.0,0.0,1.0
420,0.59,0.485,0.205,1.2315,0.4525,0.238,0.42,1.0,0.0,0.0,0.0
421,0.27,0.195,0.06,0.073,0.0285,0.0235,0.03,0.0,1.0,0.0,1.0
422,0.635,0.485,0.19,1.3765,0.634,0.2885,0.406,1.0,0.0,0.0,0.0
423,0.52,0.41,0.16,0.7120000000000001,0.2845,0.153,0.225,1.0,0.0,0.0,0.0
424,0.625,0.5,0.195,1.369,0.5875,0.2185,0.37,0.0,0.0,1.0,0.0
425,0.585,0.45,0.145,0.9835,0.4845,0.242,0.22,1.0,0.0,0.0,0.0
426,0.575,0.435,0.15,0.805,0.293,0.1625,0.27,0.0,0.0,1.0,0.0
427,0.345,0.27,0.09,0.195,0.078,0.0455,0.059,0.0,0.0,1.0,0.0
428,0.63,0.5,0.16,1.22,0.4905,0.3,0.345,1.0,0.0,0.0,0.0
429,0.625,0.495,0.175,1.2935,0.5805,0.317,0.355,0.0,0.0,1.0,0.0
430,0.375,0.305,0.115,0.2715,0.092,0.07400000000000001,0.09,0.0,1.0,0.0,0.0
431,0.515,0.4,0.125,0.5925,0.265,0.1175,0.168,0.0,1.0,0.0,0.0
432,0.64,0.515,0.165,1.369,0.632,0.3415,0.358,0.0,0.0,1.0,0.0
433,0.505,0.38,0.135,0.6855,0.361,0.1565,0.161,1.0,0.0,0.0,0.0
434,0.585,0.45,0.15,0.997,0.4055,0.28300000000000003,0.251,0.0,0.0,1.0,0.0
435,0.63,0.48,0.15,1.1785,0.5185,0.248,0.3235,0.0,0.0,1.0,0.0
436,0.635,0.5,0.18,1.3119999999999998,0.529,0.2485,0.485,1.0,0.0,0.0,0.0
437,0.49,0.355,0.155,0.981,0.465,0.2015,0.2505,0.0,0.0,1.0,0.0
438,0.44,0.35,0.135,0.435,0.1815,0.083,0.125,0.0,1.0,0.0,0.0
439,0.47,0.375,0.115,0.4265,0.1685,0.0755,0.15,0.0,0.0,1.0,0.0
440,0.45,0.32,0.1,0.381,0.1705,0.075,0.115,0.0,0.0,1.0,0.0
441,0.5,0.385,0.145,0.7615,0.246,0.195,0.204,0.0,0.0,1.0,0.0
442,0.475,0.365,0.14,0.6175,0.202,0.1445,0.19,0.0,0.0,1.0,0.0
443,0.6,0.465,0.16,1.133,0.466,0.2885,0.298,1.0,0.0,0.0,0.0
444,0.615,0.475,0.155,1.027,0.447,0.25,0.285,1.0,0.0,0.0,0.0
445,0.25,0.185,0.065,0.0685,0.0295,0.014,0.0225,0.0,1.0,0.0,1.0
446,0.59,0.445,0.135,0.7715,0.328,0.1745,0.23,0.0,1.0,0.0,0.0
447,0.57,0.425,0.14,0.7655,0.331,0.14,0.24,0.0,1.0,0.0,0.0
448,0.46,0.35,0.11,0.3945,0.1685,0.0865,0.125,0.0,1.0,0.0,0.0
449,0.545,0.415,0.14,0.82,0.4615,0.127,0.218,0.0,0.0,1.0,0.0
450,0.385,0.305,0.095,0.252,0.0915,0.055,0.09,0.0,1.0,0.0,0.0
451,0.6,0.48,0.15,1.029,0.4085,0.2705,0.295,1.0,0.0,0.0,0.0
452,0.345,0.275,0.095,0.1995,0.0755,0.0535,0.07,0.0,1.0,0.0,1.0
453,0.29,0.23,0.075,0.1165,0.043,0.0255,0.04,0.0,0.0,1.0,1.0
454,0.3,0.23,0.085,0.117,0.05,0.0175,0.0415,0.0,1.0,0.0,1.0
455,0.595,0.48,0.14,0.9125,0.4095,0.1825,0.289,0.0,0.0,1.0,0.0
456,0.59,0.45,0.125,0.86,0.4370000000000001,0.1515,0.245,0.0,1.0,0.0,0.0
457,0.54,0.435,0.18,0.996,0.3835,0.226,0.325,0.0,0.0,1.0,0.0
458,0.46,0.34,0.1,0.386,0.1805,0.0875,0.0965,0.0,1.0,0.0,0.0
459,0.645,0.5,0.16,1.2465,0.5475,0.327,0.3,1.0,0.0,0.0,0.0
460,0.55,0.425,0.155,0.8725,0.412,0.187,0.2425,0.0,1.0,0.0,0.0
461,0.555,0.44,0.14,0.8705,0.407,0.156,0.255,0.0,0.0,1.0,0.0
462,0.59,0.5,0.165,1.1045,0.4565,0.2425,0.34,0.0,0.0,1.0,0.0
463,0.505,0.4,0.155,0.8415,0.2715,0.1775,0.285,0.0,0.0,1.0,0.0
464,0.315,0.24,0.085,0.1715,0.071,0.0345,0.0535,0.0,1.0,0.0,1.0
465,0.275,0.205,0.07,0.1055,0.495,0.019,0.0315,0.0,1.0,0.0,1.0
466,0.645,0.51,0.16,1.1835,0.556,0.2385,0.345,0.0,0.0,1.0,0.0
467,0.455,0.36,0.11,0.4385,0.206,0.098,0.125,1.0,0.0,0.0,0.0
468,0.65,0.515,0.195,1.4005,0.5195,0.36,0.44,1.0,0.0,0.0,0.0
469,0.435,0.325,0.1,0.342,0.1335,0.0835,0.105,0.0,1.0,0.0,1.0
470,0.51,0.385,0.15,0.625,0.3095,0.119,0.1725,0.0,1.0,0.0,0.0
471,0.49,0.385,0.16,0.6559999999999999,0.2455,0.171,0.205,1.0,0.0,0.0,0.0
472,0.57,0.465,0.18,1.295,0.339,0.2225,0.44,1.0,0.0,0.0,0.0
473,0.55,0.425,0.135,0.6559999999999999,0.257,0.17,0.203,0.0,1.0,0.0,0.0
474,0.585,0.465,0.16,0.9555,0.4595,0.236,0.265,0.0,0.0,1.0,1.0
475,0.52,0.425,0.125,0.79,0.3720000000000001,0.205,0.19,0.0,0.0,1.0,0.0
476,0.295,0.22,0.065,0.1295,0.052000000000000005,0.028,0.035,0.0,1.0,0.0,1.0
477,0.66,0.515,0.17,1.337,0.615,0.3125,0.3575,1.0,0.0,0.0,0.0
478,0.665,0.525,0.21,1.644,0.818,0.3395,0.4275,1.0,0.0,0.0,0.0
479,0.55,0.435,0.145,0.843,0.328,0.1915,0.255,0.0,0.0,1.0,0.0
480,0.63,0.505,0.195,1.306,0.516,0.3305,0.375,1.0,0.0,0.0,0.0
481,0.455,0.35,0.12,0.4555,0.1945,0.1045,0.1375,1.0,0.0,0.0,1.0
482,0.485,0.39,0.1,0.5565,0.2215,0.1155,0.185,1.0,0.0,0.0,0.0
483,0.47,0.36,0.11,0.4965,0.237,0.127,0.13,1.0,0.0,0.0,1.0
484,0.65,0.495,0.16,1.3105,0.5770000000000001,0.3315,0.355,1.0,0.0,0.0,0.0
485,0.565,0.44,0.175,0.9025,0.31,0.193,0.325,0.0,0.0,1.0,0.0
486,0.35,0.255,0.065,0.179,0.0705,0.0385,0.06,0.0,0.0,1.0,0.0
487,0.6,0.495,0.175,1.3005,0.6195,0.284,0.3285,0.0,0.0,1.0,0.0
488,0.6,0.465,0.155,1.0165,0.512,0.2465,0.225,0.0,0.0,1.0,0.0
489,0.62,0.47,0.225,1.115,0.378,0.2145,0.36,1.0,0.0,0.0,0.0
490,0.53,0.395,0.115,0.5685,0.249,0.1375,0.161,1.0,0.0,0.0,0.0
491,0.61,0.485,0.15,1.2405,0.6025,0.2915,0.3085,1.0,0.0,0.0,0.0
492,0.525,0.41,0.135,0.7905,0.4065,0.198,0.177,1.0,0.0,0.0,0.0
493,0.35,0.265,0.09,0.2255,0.0995,0.0485,0.07,0.0,0.0,1.0,1.0
494,0.425,0.34,0.12,0.388,0.149,0.087,0.125,0.0,0.0,1.0,0.0
495,0.45,0.35,0.145,0.5425,0.1765,0.123,0.175,1.0,0.0,0.0,0.0
496,0.49,0.385,0.14,0.5425,0.198,0.127,0.175,0.0,1.0,0.0,0.0
497,0.56,0.44,0.16,1.1115,0.5035,0.2785,0.26,0.0,0.0,1.0,0.0
498,0.565,0.44,0.135,0.768,0.3305,0.1385,0.2475,0.0,1.0,0.0,0.0
499,0.5,0.41,0.14,0.6615,0.2585,0.1625,0.196,0.0,1.0,0.0,0.0
500,0.635,0.495,0.015,1.1565,0.5115,0.308,0.2885,1.0,0.0,0.0,0.0
501,0.535,0.45,0.135,0.728,0.2845,0.1845,0.265,0.0,1.0,0.0,0.0
502,0.48,0.38,0.135,0.507,0.1915,0.1365,0.155,1.0,0.0,0.0,0.0
503,0.395,0.31,0.095,0.313,0.131,0.07200000000000001,0.093,0.0,1.0,0.0,1.0
504,0.445,0.35,0.12,0.4425,0.192,0.0955,0.135,0.0,0.0,1.0,0.0
505,0.58,0.435,0.15,0.8915,0.363,0.1925,0.2515,0.0,1.0,0.0,1.0
506,0.515,0.35,0.105,0.4745,0.213,0.123,0.1275,0.0,1.0,0.0,0.0
507,0.33,0.235,0.09,0.163,0.0615,0.034,0.055,0.0,0.0,1.0,0.0
508,0.71,0.53,0.195,1.8745,0.6755,0.4065,0.6855,1.0,0.0,0.0,0.0
509,0.315,0.235,0.055,0.151,0.065,0.027000000000000003,0.039,0.0,1.0,0.0,1.0
510,0.515,0.385,0.125,0.5720000000000001,0.237,0.1435,0.165,0.0,1.0,0.0,1.0
511,0.63,0.51,0.185,1.235,0.5115,0.349,0.3065,1.0,0.0,0.0,0.0
512,0.555,0.43,0.125,0.7005,0.3395,0.1355,0.2095,0.0,1.0,0.0,0.0
513,0.42,0.32,0.11,0.3625,0.174,0.0635,0.105,0.0,1.0,0.0,1.0
514,0.365,0.27,0.085,0.197,0.0815,0.0325,0.065,0.0,1.0,0.0,1.0
515,0.52,0.4,0.12,0.6515,0.261,0.2015,0.165,1.0,0.0,0.0,0.0
516,0.675,0.535,0.185,1.5575,0.7035,0.402,0.4,1.0,0.0,0.0,0.0
517,0.62,0.495,0.17,1.062,0.3720000000000001,0.213,0.34,1.0,0.0,0.0,0.0
518,0.14,0.105,0.035,0.014,0.0055,0.0025,0.004,0.0,1.0,0.0,1.0
519,0.625,0.495,0.175,1.254,0.5815,0.28600000000000003,0.3185,0.0,0.0,1.0,0.0
520,0.32,0.255,0.085,0.1745,0.07200000000000001,0.033,0.057,0.0,1.0,0.0,0.0
521,0.315,0.24,0.07,0.13699999999999998,0.0545,0.0315,0.04,0.0,1.0,0.0,0.0
522,0.385,0.29,0.09,0.2365,0.1,0.0505,0.076,0.0,1.0,0.0,0.0
523,0.625,0.505,0.185,1.1565,0.52,0.2405,0.3535,0.0,0.0,1.0,0.0
524,0.175,0.135,0.04,0.0305,0.011,0.0075,0.01,0.0,0.0,1.0,1.0
525,0.585,0.46,0.15,1.0035,0.503,0.2105,0.2515,1.0,0.0,0.0,0.0
526,0.62,0.49,0.16,1.056,0.493,0.244,0.2725,1.0,0.0,0.0,0.0
527,0.635,0.505,0.17,1.2635,0.512,0.322,0.355,1.0,0.0,0.0,0.0
528,0.55,0.425,0.14,0.952,0.4895,0.1945,0.2185,1.0,0.0,0.0,1.0
529,0.465,0.37,0.1,0.5055,0.234,0.11,0.14,0.0,1.0,0.0,1.0
530,0.585,0.46,0.145,0.9335,0.478,0.1825,0.235,0.0,0.0,1.0,0.0
531,0.67,0.525,0.18,1.6615,0.8005,0.3645,0.43,0.0,0.0,1.0,0.0
532,0.555,0.435,0.145,0.9205,0.404,0.2275,0.255,0.0,0.0,1.0,0.0
533,0.3,0.23,0.075,0.15,0.0605,0.042,0.045,0.0,1.0,0.0,1.0
534,0.645,0.525,0.19,1.4635,0.6615,0.3435,0.435,1.0,0.0,0.0,0.0
535,0.7,0.565,0.18,1.751,0.895,0.3355,0.446,0.0,0.0,1.0,0.0
536,0.345,0.255,0.095,0.183,0.075,0.0385,0.06,0.0,1.0,0.0,1.0
537,0.405,0.31,0.12,0.3095,0.138,0.058,0.095,1.0,0.0,0.0,0.0
538,0.52,0.42,0.16,0.745,0.255,0.157,0.2885,0.0,0.0,1.0,0.0
539,0.555,0.425,0.13,0.648,0.2835,0.133,0.2105,0.0,1.0,0.0,0.0
540,0.545,0.4,0.14,0.778,0.368,0.215,0.18,1.0,0.0,0.0,0.0
541,0.57,0.43,0.145,0.833,0.354,0.14400000000000002,0.2815,0.0,1.0,0.0,0.0
542,0.58,0.45,0.235,1.071,0.3,0.206,0.395,1.0,0.0,0.0,0.0
543,0.615,0.495,0.165,1.198,0.5415,0.2865,0.3185,1.0,0.0,0.0,0.0
544,0.555,0.425,0.18,0.875,0.3695,0.2005,0.255,0.0,1.0,0.0,0.0
545,0.56,0.44,0.16,0.8645,0.3305,0.2075,0.26,0.0,0.0,1.0,0.0
546,0.665,0.5,0.175,1.4355,0.643,0.345,0.37,1.0,0.0,0.0,0.0
547,0.305,0.215,0.065,0.1075,0.044,0.0205,0.038,0.0,1.0,0.0,1.0
548,0.64,0.515,0.165,1.3115,0.4945,0.2555,0.41,1.0,0.0,0.0,0.0
549,0.63,0.505,0.15,1.3165,0.6325,0.2465,0.37,0.0,0.0,1.0,0.0
550,0.575,0.43,0.155,0.7955,0.3485,0.1925,0.22,1.0,0.0,0.0,0.0
551,0.615,0.485,0.16,1.1575,0.5005,0.2495,0.315,1.0,0.0,0.0,0.0
552,0.545,0.44,0.14,0.8395,0.35600000000000004,0.1905,0.2385,0.0,0.0,1.0,0.0
553,0.395,0.31,0.085,0.317,0.153,0.0505,0.0935,0.0,1.0,0.0,1.0
554,0.6,0.475,0.155,1.0590000000000002,0.441,0.19,0.39,1.0,0.0,0.0,0.0
555,0.69,0.55,0.2,1.569,0.687,0.3675,0.46,1.0,0.0,0.0,0.0
556,0.47,0.375,0.13,0.5795,0.2145,0.16399999999999998,0.195,0.0,0.0,1.0,0.0
557,0.4,0.315,0.105,0.287,0.1135,0.037000000000000005,0.113,0.0,0.0,1.0,0.0
558,0.595,0.48,0.165,1.262,0.4835,0.28300000000000003,0.41,0.0,0.0,1.0,0.0
559,0.475,0.375,0.14,0.501,0.192,0.1175,0.175,1.0,0.0,0.0,0.0
560,0.675,0.505,0.16,1.5319999999999998,0.74,0.35700000000000004,0.3815,0.0,0.0,1.0,0.0
561,0.53,0.43,0.135,0.6255,0.245,0.1455,0.2135,0.0,1.0,0.0,0.0
562,0.44,0.34,0.135,0.3975,0.1505,0.0945,0.135,1.0,0.0,0.0,0.0
563,0.68,0.505,0.17,1.3435,0.657,0.297,0.355,1.0,0.0,0.0,0.0
564,0.59,0.47,0.18,1.187,0.5985,0.227,0.31,0.0,0.0,1.0,0.0
565,0.665,0.515,0.2,1.2695,0.5115,0.2675,0.436,0.0,0.0,1.0,0.0
566,0.55,0.46,0.175,0.8690000000000001,0.3155,0.1825,0.32,0.0,0.0,1.0,0.0
567,0.59,0.415,0.15,0.8805,0.3645,0.234,0.235,1.0,0.0,0.0,0.0
568,0.435,0.34,0.12,0.396,0.1775,0.081,0.125,0.0,1.0,0.0,0.0
569,0.705,0.555,0.215,2.141,1.0465,0.383,0.528,0.0,0.0,1.0,0.0
570,0.57,0.48,0.175,1.185,0.474,0.261,0.38,0.0,0.0,1.0,0.0
571,0.525,0.38,0.135,0.615,0.261,0.159,0.175,0.0,1.0,0.0,0.0
572,0.635,0.51,0.155,0.986,0.405,0.2255,0.31,0.0,0.0,1.0,0.0
573,0.53,0.42,0.185,0.752,0.299,0.156,0.205,0.0,1.0,0.0,0.0
574,0.75,0.57,0.21,2.236,1.109,0.5195,0.545,1.0,0.0,0.0,0.0
575,0.7,0.55,0.195,1.6245,0.675,0.34700000000000003,0.535,0.0,0.0,1.0,0.0
576,0.61,0.47,0.17,1.1185,0.5225,0.2405,0.31,0.0,0.0,1.0,0.0
577,0.43,0.34,0.1,0.3405,0.1395,0.0665,0.12,0.0,1.0,0.0,0.0
578,0.74,0.575,0.22,2.012,0.8915,0.5265,0.471,1.0,0.0,0.0,0.0
579,0.6,0.47,0.17,1.0805,0.4995,0.2245,0.3205,1.0,0.0,0.0,0.0
580,0.535,0.42,0.165,0.9195,0.3355,0.1985,0.26,0.0,0.0,1.0,0.0
581,0.58,0.435,0.155,0.8785,0.425,0.1685,0.2425,1.0,0.0,0.0,0.0
582,0.485,0.375,0.13,0.5535,0.266,0.112,0.157,0.0,1.0,0.0,0.0
583,0.645,0.49,0.16,1.251,0.5355,0.3345,0.3165,0.0,0.0,1.0,0.0
584,0.63,0.49,0.15,1.1955,0.5845,0.257,0.3,0.0,0.0,1.0,0.0
585,0.49,0.375,0.115,0.4615,0.204,0.0945,0.14300000000000002,0.0,1.0,0.0,0.0
586,0.37,0.275,0.1,0.22,0.094,0.045,0.065,0.0,1.0,0.0,1.0
587,0.62,0.485,0.155,1.0295,0.425,0.2315,0.335,0.0,0.0,1.0,0.0
588,0.4,0.32,0.095,0.303,0.1335,0.06,0.1,0.0,0.0,1.0,1.0
589,0.545,0.435,0.145,0.9385,0.3685,0.1245,0.345,0.0,0.0,1.0,0.0
590,0.595,0.465,0.15,1.0255,0.412,0.2745,0.289,1.0,0.0,0.0,0.0
591,0.28,0.12,0.075,0.117,0.0455,0.029,0.0345,0.0,1.0,0.0,1.0
592,0.6,0.475,0.15,1.13,0.575,0.196,0.305,1.0,0.0,0.0,0.0
593,0.55,0.425,0.135,0.7305,0.3325,0.1545,0.215,0.0,1.0,0.0,0.0
594,0.63,0.465,0.15,1.027,0.537,0.188,0.17600000000000002,0.0,0.0,1.0,0.0
595,0.715,0.565,0.175,1.9525,0.7645,0.4185,0.4135,0.0,0.0,1.0,0.0
596,0.625,0.485,0.17,1.4369999999999998,0.5855,0.293,0.475,0.0,0.0,1.0,0.0
597,0.49,0.385,0.125,0.609,0.3065,0.096,0.1775,0.0,0.0,1.0,0.0
598,0.195,0.135,0.04,0.0325,0.0135,0.005,0.0095,0.0,1.0,0.0,1.0
599,0.64,0.49,0.18,1.36,0.653,0.34700000000000003,0.305,1.0,0.0,0.0,0.0
600,0.68,0.52,0.175,1.543,0.7525,0.35100000000000003,0.374,0.0,0.0,1.0,0.0
601,0.65,0.525,0.19,1.4995,0.6265,0.4005,0.395,0.0,0.0,1.0,0.0
602,0.72,0.575,0.215,2.1,0.8565,0.4825,0.602,1.0,0.0,0.0,0.0
603,0.405,0.29,0.09,0.2825,0.112,0.075,0.0815,0.0,1.0,0.0,1.0
604,0.46,0.36,0.125,0.547,0.2165,0.1105,0.19,0.0,0.0,1.0,0.0
605,0.52,0.405,0.14,0.6765,0.2865,0.146,0.205,0.0,1.0,0.0,0.0
606,0.56,0.415,0.145,0.852,0.43,0.1885,0.205,0.0,0.0,1.0,0.0
607,0.24,0.185,0.06,0.0655,0.0295,0.0005,0.02,0.0,1.0,0.0,1.0
608,0.6,0.47,0.15,0.928,0.4225,0.183,0.275,0.0,0.0,1.0,0.0
609,0.19,0.13,0.03,0.0295,0.0155,0.015,0.01,0.0,1.0,0.0,1.0
610,0.535,0.41,0.12,0.6835,0.3125,0.1655,0.159,0.0,0.0,1.0,0.0
611,0.515,0.405,0.145,0.695,0.215,0.1635,0.234,0.0,0.0,1.0,0.0
612,0.505,0.395,0.125,0.635,0.29,0.1555,0.175,0.0,0.0,1.0,0.0
613,0.505,0.375,0.18,0.568,0.2325,0.1495,0.17,1.0,0.0,0.0,0.0
614,0.6,0.465,0.165,1.0475,0.465,0.2345,0.315,0.0,0.0,1.0,0.0
615,0.66,0.51,0.18,1.261,0.5,0.2335,0.339,0.0,0.0,1.0,0.0
616,0.61,0.465,0.125,0.9225,0.436,0.19,0.26,0.0,1.0,0.0,0.0
617,0.615,0.455,0.15,0.9335,0.382,0.247,0.2615,0.0,0.0,1.0,0.0
618,0.68,0.58,0.2,1.787,0.585,0.453,0.6,1.0,0.0,0.0,0.0
619,0.53,0.425,0.13,0.7455,0.2995,0.1355,0.245,0.0,0.0,1.0,0.0
620,0.57,0.45,0.14,0.795,0.3385,0.14800000000000002,0.245,0.0,0.0,1.0,0.0
621,0.455,0.355,0.12,0.4495,0.177,0.104,0.15,1.0,0.0,0.0,0.0
622,0.605,0.485,0.15,1.238,0.6315,0.226,0.33,0.0,1.0,0.0,0.0
623,0.77,0.6,0.215,2.1945,1.0515,0.482,0.584,0.0,0.0,1.0,0.0
624,0.595,0.475,0.16,1.3175,0.408,0.234,0.58,0.0,0.0,1.0,0.0
625,0.475,0.375,0.125,0.588,0.237,0.1715,0.155,1.0,0.0,0.0,0.0
626,0.63,0.49,0.155,1.2525,0.63,0.246,0.289,0.0,0.0,1.0,0.0
627,0.77,0.62,0.195,2.5155,1.1155,0.6415,0.642,0.0,0.0,1.0,0.0
628,0.49,0.375,0.115,0.557,0.2275,0.1335,0.1765,0.0,1.0,0.0,0.0
629,0.65,0.51,0.175,1.3165,0.6345,0.2605,0.364,0.0,0.0,1.0,0.0
630,0.51,0.395,0.125,0.5805,0.244,0.1335,0.188,0.0,0.0,1.0,0.0
631,0.59,0.465,0.16,1.1005,0.506,0.2525,0.295,1.0,0.0,0.0,0.0
632,0.58,0.43,0.13,0.7979999999999999,0.365,0.173,0.2285,0.0,0.0,1.0,0.0
633,0.525,0.41,0.115,0.7745,0.416,0.163,0.18,1.0,0.0,0.0,1.0
634,0.415,0.305,0.13,0.32,0.1305,0.0755,0.105,1.0,0.0,0.0,0.0
635,0.625,0.455,0.17,1.082,0.4955,0.2345,0.315,0.0,0.0,1.0,0.0
636,0.375,0.29,0.08,0.282,0.1405,0.0725,0.08,1.0,0.0,0.0,1.0
637,0.72,0.55,0.2,1.9965,0.9035,0.469,0.5215,1.0,0.0,0.0,0.0
638,0.555,0.435,0.135,0.858,0.377,0.1585,0.29,0.0,0.0,1.0,0.0
639,0.35,0.265,0.09,0.2265,0.0995,0.0575,0.065,0.0,0.0,1.0,1.0
640,0.55,0.415,0.175,1.042,0.3295,0.2325,0.2905,0.0,0.0,1.0,0.0
641,0.475,0.355,0.105,0.468,0.201,0.1115,0.12,0.0,1.0,0.0,0.0
642,0.405,0.31,0.11,0.91,0.416,0.2075,0.0995,0.0,1.0,0.0,0.0
643,0.56,0.455,0.155,0.797,0.34,0.19,0.2425,0.0,0.0,1.0,0.0
644,0.45,0.355,0.115,0.4385,0.184,0.108,0.1125,0.0,1.0,0.0,0.0
645,0.42,0.345,0.115,0.3435,0.1515,0.0795,0.115,0.0,1.0,0.0,0.0
646,0.46,0.35,0.12,0.4885,0.193,0.105,0.155,0.0,1.0,0.0,0.0
647,0.575,0.465,0.195,0.9965,0.417,0.247,0.47,1.0,0.0,0.0,0.0
648,0.63,0.48,0.165,1.2615,0.5505,0.277,0.3885,1.0,0.0,0.0,0.0
649,0.58,0.45,0.155,0.93,0.385,0.246,0.265,1.0,0.0,0.0,0.0
650,0.515,0.4,0.135,0.6965,0.32,0.1255,0.175,0.0,1.0,0.0,0.0
651,0.5,0.405,0.155,0.772,0.34600000000000003,0.1535,0.245,0.0,0.0,1.0,0.0
652,0.595,0.475,0.155,0.984,0.4865,0.184,0.2755,0.0,1.0,0.0,0.0
653,0.625,0.5,0.15,0.953,0.3445,0.2235,0.305,1.0,0.0,0.0,0.0
654,0.44,0.32,0.105,0.3875,0.1755,0.07400000000000001,0.12,0.0,1.0,0.0,0.0
655,0.475,0.36,0.14,0.5135,0.241,0.1045,0.155,0.0,0.0,1.0,0.0
656,0.555,0.445,0.13,0.8625,0.4225,0.155,0.24,0.0,0.0,1.0,0.0
657,0.075,0.055,0.01,0.002,0.001,0.0005,0.0015,0.0,1.0,0.0,1.0
658,0.58,0.45,0.16,0.8675,0.3935,0.221,0.215,0.0,0.0,1.0,0.0
659,0.465,0.34,0.105,0.486,0.231,0.1035,0.1225,0.0,0.0,1.0,0.0
660,0.65,0.51,0.175,1.155,0.4955,0.2025,0.385,0.0,0.0,1.0,0.0
661,0.435,0.345,0.115,0.418,0.222,0.0735,0.106,0.0,1.0,0.0,1.0
662,0.55,0.41,0.15,0.785,0.282,0.18600000000000005,0.275,0.0,0.0,1.0,0.0
663,0.5,0.39,0.145,0.6509999999999999,0.273,0.132,0.22,0.0,0.0,1.0,0.0
664,0.62,0.485,0.145,1.003,0.4655,0.2195,0.28,0.0,0.0,1.0,0.0
665,0.57,0.44,0.14,0.9535,0.3785,0.201,0.305,1.0,0.0,0.0,0.0
666,0.695,0.56,0.22,1.834,0.8455,0.422,0.455,1.0,0.0,0.0,0.0
667,0.41,0.325,0.1,0.3245,0.132,0.07200000000000001,0.106,0.0,1.0,0.0,1.0
668,0.555,0.45,0.175,0.8740000000000001,0.3275,0.202,0.305,0.0,0.0,1.0,0.0
669,0.535,0.43,0.155,0.7845,0.3285,0.16899999999999998,0.245,0.0,0.0,1.0,0.0
670,0.55,0.44,0.15,0.8945,0.3145,0.151,0.32,1.0,0.0,0.0,0.0
671,0.525,0.415,0.12,0.596,0.2805,0.12,0.1695,0.0,1.0,0.0,0.0
672,0.36,0.265,0.09,0.2055,0.096,0.037000000000000005,0.0585,0.0,1.0,0.0,1.0
673,0.57,0.475,0.195,1.0295,0.4635,0.1905,0.305,0.0,0.0,1.0,0.0
674,0.45,0.335,0.105,0.447,0.2335,0.153,0.119,0.0,1.0,0.0,1.0
675,0.58,0.5,0.165,0.925,0.37,0.185,0.3005,1.0,0.0,0.0,0.0
676,0.625,0.505,0.175,1.131,0.5425,0.2265,0.32299999999999995,0.0,0.0,1.0,0.0
677,0.16,0.11,0.025,0.018000000000000002,0.0065,0.0055,0.005,0.0,1.0,0.0,1.0
678,0.65,0.525,0.185,1.3455,0.586,0.278,0.3865,0.0,0.0,1.0,0.0
679,0.525,0.405,0.115,0.72,0.3105,0.1915,0.2,1.0,0.0,0.0,0.0
680,0.375,0.29,0.115,0.2705,0.093,0.066,0.0885,1.0,0.0,0.0,0.0
681,0.63,0.53,0.175,1.4135,0.667,0.2945,0.3555,0.0,0.0,1.0,0.0
682,0.7,0.575,0.2,1.7365,0.7755,0.3965,0.461,1.0,0.0,0.0,0.0
683,0.47,0.355,0.14,0.433,0.1525,0.095,0.152,1.0,0.0,0.0,0.0
684,0.62,0.51,0.18,1.3315,0.594,0.276,0.388,1.0,0.0,0.0,0.0
685,0.48,0.39,0.125,0.6905,0.219,0.155,0.2,1.0,0.0,0.0,0.0
686,0.51,0.395,0.12,0.6175,0.262,0.122,0.193,1.0,0.0,0.0,0.0
687,0.615,0.475,0.17,1.1025,0.4695,0.2355,0.345,1.0,0.0,0.0,0.0
688,0.53,0.415,0.175,0.7395,0.261,0.1395,0.2645,0.0,0.0,1.0,0.0
689,0.61,0.48,0.14,1.0625,0.516,0.225,0.2915,0.0,0.0,1.0,0.0
690,0.49,0.38,0.14,0.7605,0.245,0.16699999999999998,0.185,0.0,0.0,1.0,0.0
691,0.37,0.28,0.1,0.252,0.1065,0.0595,0.07400000000000001,0.0,0.0,1.0,0.0
692,0.61,0.475,0.175,1.024,0.409,0.261,0.322,0.0,0.0,1.0,0.0
693,0.205,0.15,0.055,0.042,0.0255,0.015,0.012,0.0,1.0,0.0,1.0
694,0.68,0.52,0.185,1.494,0.615,0.3935,0.406,1.0,0.0,0.0,0.0
695,0.205,0.14,0.05,0.046,0.0165,0.012,0.0135,0.0,1.0,0.0,1.0
696,0.71,0.56,0.18,1.652,0.735,0.381,0.4525,1.0,0.0,0.0,0.0
697,0.55,0.44,0.155,0.946,0.313,0.1825,0.335,1.0,0.0,0.0,0.0
698,0.53,0.41,0.14,0.6809999999999999,0.3095,0.1415,0.1835,0.0,0.0,1.0,1.0
699,0.675,0.555,0.2,1.4385,0.545,0.2665,0.465,0.0,0.0,1.0,0.0
700,0.405,0.31,0.09,0.312,0.138,0.06,0.087,0.0,1.0,0.0,0.0
701,0.385,0.295,0.085,0.2535,0.103,0.0575,0.085,0.0,1.0,0.0,1.0
702,0.475,0.355,0.12,0.48,0.234,0.1015,0.135,0.0,0.0,1.0,0.0
703,0.285,0.205,0.07,0.106,0.039,0.0285,0.034,0.0,1.0,0.0,1.0
704,0.405,0.25,0.09,0.2875,0.128,0.063,0.0805,0.0,1.0,0.0,1.0
705,0.465,0.39,0.14,0.5555,0.213,0.1075,0.215,1.0,0.0,0.0,0.0
706,0.565,0.455,0.185,0.9265,0.354,0.1575,0.375,0.0,0.0,1.0,0.0
707,0.445,0.345,0.13,0.4075,0.1365,0.0645,0.18,0.0,1.0,0.0,0.0
708,0.65,0.59,0.22,1.662,0.77,0.378,0.435,1.0,0.0,0.0,0.0
709,0.555,0.455,0.135,0.8370000000000001,0.382,0.171,0.235,0.0,0.0,1.0,0.0
710,0.56,0.44,0.14,0.9285,0.3825,0.188,0.3,1.0,0.0,0.0,0.0
711,0.545,0.43,0.16,0.8440000000000001,0.3945,0.1855,0.231,1.0,0.0,0.0,0.0
712,0.495,0.37,0.125,0.4715,0.2075,0.091,0.15,0.0,1.0,0.0,0.0
713,0.5,0.385,0.135,0.551,0.2245,0.0715,0.206,0.0,0.0,1.0,0.0
714,0.44,0.325,0.1,0.4165,0.185,0.0865,0.11,0.0,1.0,0.0,1.0
715,0.51,0.375,0.11,0.5805,0.2865,0.118,0.14800000000000002,1.0,0.0,0.0,1.0
716,0.39,0.295,0.095,0.203,0.0875,0.045,0.075,0.0,1.0,0.0,1.0
717,0.525,0.42,0.155,0.8420000000000001,0.428,0.1415,0.2045,0.0,0.0,1.0,0.0
718,0.39,0.285,0.1,0.281,0.1275,0.062,0.077,0.0,1.0,0.0,1.0
719,0.505,0.41,0.125,0.642,0.289,0.133,0.155,0.0,0.0,1.0,0.0
720,0.55,0.45,0.17,0.81,0.317,0.157,0.22,0.0,0.0,1.0,0.0
721,0.6,0.475,0.205,1.176,0.5255,0.2875,0.308,0.0,0.0,1.0,0.0
722,0.545,0.425,0.14,0.8145,0.305,0.231,0.244,0.0,1.0,0.0,0.0
723,0.71,0.545,0.175,1.907,0.8725,0.4565,0.475,1.0,0.0,0.0,0.0
724,0.595,0.475,0.16,1.1405,0.547,0.231,0.271,1.0,0.0,0.0,1.0
725,0.65,0.51,0.19,1.5419999999999998,0.7155,0.3735,0.375,0.0,0.0,1.0,0.0
726,0.71,0.57,0.195,1.9805,0.9925,0.4925,0.48,1.0,0.0,0.0,0.0
727,0.44,0.33,0.11,0.38,0.197,0.079,0.09,0.0,1.0,0.0,1.0
728,0.675,0.565,0.195,1.8375,0.7645,0.3615,0.5529999999999999,1.0,0.0,0.0,0.0
729,0.405,0.31,0.065,0.3205,0.1575,0.066,0.08800000000000001,0.0,1.0,0.0,1.0
730,0.665,0.525,0.155,1.3575,0.5325,0.3045,0.4485,0.0,0.0,1.0,0.0
731,0.7,0.55,0.175,1.4405,0.6565,0.2985,0.375,0.0,0.0,1.0,0.0
732,0.67,0.52,0.195,1.8065,0.758,0.3735,0.5055,1.0,0.0,0.0,0.0
733,0.76,0.605,0.215,2.173,0.8009999999999999,0.4915,0.6459999999999999,0.0,0.0,1.0,0.0
734,0.38,0.275,0.095,0.1375,0.086,0.0585,0.0605,0.0,1.0,0.0,1.0
735,0.45,0.325,0.135,0.438,0.1805,0.1165,0.11,1.0,0.0,0.0,0.0
736,0.58,0.455,0.12,0.94,0.399,0.257,0.265,1.0,0.0,0.0,0.0
737,0.325,0.24,0.085,0.173,0.0795,0.038,0.05,0.0,0.0,1.0,1.0
738,0.495,0.4,0.145,0.578,0.2545,0.1305,0.1645,0.0,1.0,0.0,0.0
739,0.655,0.515,0.17,1.527,0.8485,0.2635,0.331,1.0,0.0,0.0,0.0
740,0.44,0.31,0.115,0.3625,0.134,0.08199999999999999,0.12,0.0,1.0,0.0,0.0
741,0.575,0.425,0.15,0.8765,0.455,0.18,0.228,1.0,0.0,0.0,0.0
742,0.55,0.425,0.125,0.964,0.5475,0.159,0.215,1.0,0.0,0.0,0.0
743,0.47,0.36,0.13,0.5225,0.198,0.1065,0.165,0.0,1.0,0.0,0.0
744,0.6,0.48,0.18,1.0645,0.4495,0.2455,0.325,1.0,0.0,0.0,0.0
745,0.645,0.5,0.155,1.2205,0.6145,0.236,0.3185,1.0,0.0,0.0,0.0
746,0.55,0.435,0.14,0.745,0.34700000000000003,0.174,0.2265,1.0,0.0,0.0,0.0
747,0.555,0.44,0.135,0.9025,0.3805,0.2105,0.28,0.0,0.0,1.0,0.0
748,0.565,0.44,0.175,1.122,0.393,0.2,0.375,0.0,0.0,1.0,0.0
749,0.625,0.495,0.185,1.3835,0.7105,0.3005,0.345,0.0,0.0,1.0,0.0
750,0.615,0.455,0.145,1.1155,0.5045,0.238,0.315,1.0,0.0,0.0,0.0
751,0.53,0.415,0.13,0.6940000000000001,0.3905,0.111,0.16699999999999998,0.0,1.0,0.0,0.0
752,0.285,0.21,0.07,0.109,0.044,0.0265,0.033,0.0,1.0,0.0,1.0
753,0.53,0.435,0.135,0.7365,0.3275,0.1315,0.22,0.0,0.0,1.0,0.0
754,0.475,0.365,0.115,0.459,0.2175,0.093,0.1165,0.0,1.0,0.0,1.0
755,0.61,0.485,0.16,1.0145,0.5315,0.212,0.2415,0.0,0.0,1.0,0.0
756,0.6,0.48,0.155,1.014,0.451,0.1885,0.325,0.0,0.0,1.0,0.0
757,0.675,0.525,0.175,1.402,0.483,0.3205,0.465,0.0,0.0,1.0,0.0
758,0.525,0.405,0.15,0.795,0.3075,0.205,0.255,0.0,1.0,0.0,0.0
759,0.45,0.345,0.135,0.443,0.1975,0.0875,0.1175,0.0,1.0,0.0,0.0
760,0.25,0.18,0.065,0.0805,0.0345,0.0185,0.0215,0.0,1.0,0.0,1.0
761,0.595,0.5,0.18,1.053,0.4405,0.192,0.39,1.0,0.0,0.0,0.0
762,0.62,0.48,0.165,1.0855,0.481,0.2575,0.305,0.0,0.0,1.0,0.0
763,0.65,0.495,0.16,1.2075,0.55,0.2695,0.32,0.0,0.0,1.0,0.0
764,0.41,0.315,0.095,0.306,0.121,0.0735,0.09,0.0,0.0,1.0,0.0
765,0.43,0.325,0.12,0.445,0.165,0.0995,0.155,1.0,0.0,0.0,0.0
766,0.565,0.425,0.135,0.8115,0.341,0.1675,0.255,0.0,0.0,1.0,0.0
767,0.34,0.265,0.07,0.185,0.0625,0.0395,0.07,0.0,1.0,0.0,1.0
768,0.72,0.58,0.195,2.103,1.0265,0.48,0.5375,1.0,0.0,0.0,0.0
769,0.69,0.525,0.2,1.7825,0.9165,0.3325,0.461,0.0,0.0,1.0,0.0
770,0.5,0.375,0.15,0.636,0.2535,0.145,0.19,0.0,0.0,1.0,0.0
771,0.63,0.49,0.17,1.2155,0.4625,0.2045,0.3105,1.0,0.0,0.0,0.0
772,0.64,0.51,0.175,1.368,0.515,0.266,0.57,0.0,0.0,1.0,0.0
773,0.475,0.365,0.105,0.4175,0.1645,0.099,0.127,0.0,1.0,0.0,1.0
774,0.485,0.4,0.135,0.6629999999999999,0.313,0.13699999999999998,0.2,0.0,0.0,1.0,0.0
775,0.59,0.445,0.14,0.931,0.35600000000000004,0.234,0.28,0.0,0.0,1.0,0.0
776,0.61,0.5,0.18,1.4380000000000002,0.5185,0.3735,0.3345,1.0,0.0,0.0,0.0
777,0.59,0.47,0.15,0.9955,0.481,0.232,0.24,0.0,0.0,1.0,0.0
778,0.5,0.405,0.14,0.6155,0.241,0.1355,0.205,0.0,0.0,1.0,0.0
779,0.635,0.495,0.18,1.596,0.617,0.317,0.37,1.0,0.0,0.0,0.0
780,0.575,0.44,0.16,0.9615,0.483,0.166,0.275,0.0,0.0,1.0,0.0
781,0.47,0.35,0.135,0.5670000000000001,0.2315,0.1465,0.1525,0.0,1.0,0.0,0.0
782,0.56,0.44,0.14,0.971,0.443,0.2045,0.265,0.0,0.0,1.0,0.0
783,0.585,0.455,0.165,0.998,0.345,0.2495,0.315,1.0,0.0,0.0,0.0
784,0.21,0.15,0.05,0.0385,0.0155,0.0085,0.01,0.0,0.0,1.0,1.0
785,0.42,0.325,0.1,0.368,0.1675,0.0625,0.1135,0.0,1.0,0.0,0.0
786,0.4,0.3,0.115,0.3025,0.1335,0.0465,0.0935,1.0,0.0,0.0,0.0
787,0.325,0.25,0.07,0.1745,0.0875,0.0355,0.04,0.0,1.0,0.0,1.0
788,0.33,0.245,0.065,0.1445,0.058,0.032,0.0505,0.0,1.0,0.0,1.0
789,0.34,0.26,0.09,0.179,0.076,0.0525,0.055,0.0,1.0,0.0,1.0
790,0.45,0.36,0.105,0.4715,0.2035,0.0935,0.149,1.0,0.0,0.0,0.0
791,0.415,0.305,0.105,0.3605,0.12,0.08199999999999999,0.1,1.0,0.0,0.0,0.0
792,0.45,0.35,0.13,0.46,0.174,0.111,0.135,0.0,0.0,1.0,0.0
793,0.58,0.44,0.15,1.0465,0.518,0.2185,0.2795,0.0,0.0,1.0,0.0
794,0.535,0.41,0.155,0.6315,0.2745,0.1415,0.1815,0.0,1.0,0.0,0.0
795,0.375,0.3,0.075,0.14400000000000002,0.059,0.03,0.044,0.0,1.0,0.0,1.0
796,0.265,0.2,0.065,0.0975,0.04,0.0205,0.028,0.0,1.0,0.0,1.0
797,0.665,0.535,0.19,1.496,0.5775,0.2815,0.475,1.0,0.0,0.0,0.0
798,0.655,0.51,0.15,1.043,0.4795,0.223,0.305,1.0,0.0,0.0,0.0
799,0.375,0.29,0.085,0.2385,0.118,0.045,0.0695,0.0,1.0,0.0,1.0
800,0.6,0.455,0.155,0.945,0.4365,0.2085,0.25,0.0,0.0,1.0,0.0
801,0.545,0.435,0.135,0.7715,0.3720000000000001,0.14800000000000002,0.227,0.0,1.0,0.0,0.0
802,0.275,0.195,0.065,0.106,0.054000000000000006,0.02,0.028,0.0,1.0,0.0,1.0
803,0.67,0.54,0.195,1.217,0.532,0.2735,0.3315,0.0,0.0,1.0,0.0
804,0.62,0.49,0.155,1.1,0.505,0.2475,0.31,0.0,0.0,1.0,0.0
805,0.765,0.585,0.18,2.398,1.128,0.512,0.5335,0.0,0.0,1.0,0.0
806,0.525,0.4,0.125,0.6965,0.369,0.1385,0.16399999999999998,0.0,1.0,0.0,0.0
807,0.39,0.3,0.1,0.3085,0.1385,0.0735,0.085,0.0,1.0,0.0,1.0
808,0.27,0.2,0.08,0.1205,0.0465,0.028,0.04,0.0,0.0,1.0,1.0
809,0.425,0.325,0.11,0.3335,0.173,0.045,0.1,0.0,1.0,0.0,1.0
810,0.55,0.45,0.15,0.875,0.362,0.1755,0.2765,1.0,0.0,0.0,0.0
811,0.27,0.195,0.07,0.102,0.045,0.0135,0.034,0.0,1.0,0.0,0.0
812,0.675,0.51,0.195,1.382,0.6045,0.3175,0.3965,1.0,0.0,0.0,0.0
813,0.455,0.35,0.105,0.401,0.1575,0.083,0.135,0.0,0.0,1.0,0.0
814,0.545,0.42,0.13,0.879,0.374,0.1695,0.23,0.0,0.0,1.0,0.0
815,0.48,0.355,0.115,0.4725,0.2065,0.112,0.132,0.0,1.0,0.0,0.0
816,0.29,0.215,0.065,0.0985,0.0425,0.021,0.031,0.0,1.0,0.0,1.0
817,0.53,0.395,0.13,0.575,0.247,0.115,0.183,0.0,1.0,0.0,0.0
818,0.65,0.5,0.19,1.464,0.6415,0.339,0.4245,1.0,0.0,0.0,0.0
819,0.585,0.45,0.15,0.938,0.467,0.203,0.225,1.0,0.0,0.0,1.0
820,0.365,0.28,0.09,0.196,0.0865,0.036000000000000004,0.0605,0.0,1.0,0.0,1.0
821,0.575,0.475,0.16,1.114,0.4955,0.2745,0.29,0.0,0.0,1.0,0.0
822,0.38,0.28,0.095,0.2885,0.165,0.0435,0.067,0.0,1.0,0.0,1.0
823,0.495,0.38,0.135,0.5095,0.2065,0.1165,0.165,0.0,1.0,0.0,0.0
824,0.665,0.535,0.155,1.383,0.596,0.2565,0.485,0.0,0.0,1.0,0.0
825,0.675,0.53,0.195,1.4985,0.62,0.375,0.425,1.0,0.0,0.0,0.0
826,0.32,0.235,0.09,0.183,0.098,0.0335,0.042,0.0,1.0,0.0,1.0
827,0.62,0.465,0.185,1.274,0.579,0.3065,0.32,0.0,0.0,1.0,0.0
828,0.555,0.43,0.14,0.7665,0.341,0.165,0.23,0.0,1.0,0.0,0.0
829,0.53,0.43,0.13,0.7045,0.34600000000000003,0.1415,0.189,0.0,1.0,0.0,0.0
830,0.775,0.63,0.25,2.7795,1.3485,0.76,0.578,0.0,0.0,1.0,0.0
831,0.245,0.18,0.065,0.071,0.03,0.013,0.0215,0.0,1.0,0.0,1.0
832,0.56,0.455,0.145,0.974,0.547,0.1615,0.235,0.0,1.0,0.0,0.0
833,0.215,0.155,0.06,0.0525,0.021,0.0165,0.015,0.0,1.0,0.0,1.0
834,0.475,0.375,0.12,0.563,0.2525,0.1205,0.185,0.0,0.0,1.0,0.0
835,0.49,0.36,0.11,0.5005,0.161,0.107,0.195,1.0,0.0,0.0,0.0
