,0,1,2,3,4,5,6,7,8,9,10,11,12,13,14,15,16,17,18,19,20,21,22,23,24,25,26,27,28,29,30,31,32,33,34
0,1.0,0.0,0.9176700000000001,0.18198,0.8609,0.35543,0.72873,0.45747,0.60425,0.69865,0.50376,0.74922,0.361,0.81795,0.15664,0.8355799999999999,0.00396,0.8521,-0.1639,0.77853,-0.35996,0.76193,-0.43087,0.65385,-0.5314,0.53886,-0.60328,0.40972,-0.6451100000000001,0.27338,-0.6571,0.13667,-0.64056,0.053939999999999995,1.0
1,1.0,0.0,0.25316,0.35949000000000003,0.0,0.0,-0.2962,-1.0,0.0,0.0,0.07595,-0.07342,0.0,0.0,0.0,0.0,0.0,0.0,0.0,0.0,0.00759,0.68101,-0.2,0.33671,-0.1038,0.35696,0.0557,-1.0,0.0,0.0,0.06329,-1.0,0.0,0.0,0.0
2,1.0,0.0,0.52542,-0.0339,0.94915,0.08475,0.52542,-0.16949,0.30508,-0.01695,0.50847,-0.13559000000000002,0.64407,0.28814,0.8305100000000001,-0.35593,0.54237,0.01695,0.5593199999999999,0.0339,0.59322,0.30508,0.86441,0.05085,0.40678000000000003,0.15254,0.67287,-0.00266,0.6610199999999999,-0.0339,0.8305100000000001,-0.15254,0.76271,-0.10169,1.0
3,1.0,0.0,0.9607100000000001,0.07088,1.0,0.042960000000000005,1.0,0.09312999999999999,0.90169,-0.05144,0.8926299999999999,0.0258,0.8325,-0.06142,0.87534,0.09831000000000001,0.76544,0.0028,0.7520600000000001,-0.05295,0.65961,-0.07905,0.64158,-0.059289999999999995,0.55677,-0.07705,0.5805100000000001,-0.02205,0.49663999999999997,-0.01251,0.5131,-0.00015,0.52099,-0.00182,1.0
4,1.0,0.0,-1.0,0.28105,0.22221999999999997,0.15033,-0.75693,-0.7098399999999999,-0.30719,0.7124199999999999,-1.0,1.0,-0.81699,0.33987,-0.79085,-0.026139999999999997,-0.98039,-0.8300700000000001,-0.60131,-0.5424800000000001,-0.04575,-0.8300700000000001,0.9411799999999999,-0.9411799999999999,-1.0,-0.43137,0.74385,0.09176000000000001,-1.0,0.052289999999999996,0.18300999999999998,0.026139999999999997,-0.40201,-0.48241000000000006,0.0
5,1.0,0.0,0.93658,0.35107,0.75254,0.6564,0.45571000000000006,0.88576,0.15323,0.9577600000000001,-0.21775,0.96301,-0.56535,0.8339700000000001,-0.78751,0.58045,-0.93104,0.2602,-0.9364100000000001,-0.06418,-0.8702799999999999,-0.40949,-0.65079,-0.67464,-0.36799,-0.84951,-0.04578,-0.9122100000000001,0.2733,-0.85762,0.54827,-0.69613,0.7482800000000001,-0.44173,1.0
6,1.0,0.0,0.84134,-0.18362,0.43643999999999994,0.029189999999999997,0.93421,-0.00267,0.8794700000000001,0.13795,0.81121,-0.01789,0.88559,0.54991,0.91714,-0.57486,0.75,-0.2952,0.8667600000000001,-0.20104,1.0,1.0,0.4661,-0.1629,0.90066,-0.027780000000000003,0.93358,-0.01158,0.61582,-0.32298000000000004,0.8446299999999999,-0.25706,0.9332299999999999,-0.01425,1.0
7,1.0,0.0,0.89835,0.35157,0.67333,0.62233,0.43898000000000004,0.94353,-0.036430000000000004,0.8051,-0.22838000000000003,0.75334,-0.25137,0.48816000000000004,-0.57377,0.28415,-0.6675,0.10590999999999999,-0.47358999999999996,-0.06192999999999999,-0.8105600000000001,-0.060110000000000004,-0.33197,-0.47591999999999995,-0.12897,-0.5362,0.07157999999999999,-0.51925,0.24320999999999998,-0.43478,0.36586,-0.30057,0.42805,0.13297,1.0
8,1.0,0.0,0.47336999999999996,0.19527,0.06213,-0.18342999999999998,0.62316,0.01006,0.45561999999999997,-0.04438,0.56509,0.01775,0.44675,0.27515,0.7159800000000001,-0.03846,0.55621,0.12426,0.4142,0.11538,0.52767,0.028419999999999997,0.51183,-0.10651,0.47928999999999994,-0.02367,0.46513999999999994,0.03259,0.5355,0.25148000000000004,0.31953000000000004,-0.14497000000000002,0.34615,-0.00296,1.0
9,0.0,0.0,0.0,0.0,0.0,0.0,0.0,0.0,0.0,0.0,0.0,0.0,-1.0,-1.0,0.0,0.0,1.0,0.75,0.0,0.0,0.0,0.0,-1.0,1.0,0.0,0.0,1.0,-1.0,-1.0,-1.0,1.0,1.0,0.0,0.0,0.0
10,0.0,0.0,0.0,0.0,1.0,1.0,0.0,0.0,1.0,1.0,0.0,0.0,1.0,-1.0,0.0,0.0,0.0,0.0,0.0,0.0,0.0,0.0,0.0,0.0,0.0,0.0,1.0,-1.0,0.0,0.0,-1.0,1.0,0.0,0.0,0.0
11,1.0,0.0,-1.0,1.0,-1.0,0.15244000000000002,0.28354,1.0,-1.0,1.0,-1.0,-1.0,1.0,1.0,-1.0,-0.23476,0.28301,-1.0,1.0,1.0,-0.31401999999999997,-1.0,-1.0,-1.0,1.0,-1.0,-1.0,-0.03578,1.0,-1.0,-1.0,-0.32316999999999996,0.14939000000000002,1.0,0.0
12,1.0,0.0,0.9408,0.11932999999999999,0.8573799999999999,0.01038,0.85124,0.01546,0.76966,-0.00278,0.84459,0.10916,0.8328899999999999,0.03027,0.8268,0.03506,0.74838,0.019430000000000003,0.80019,0.02405,0.80862,0.049010000000000005,0.8025899999999999,0.053520000000000005,0.77336,0.0222,0.7905800000000001,0.06235,0.85939,0.09251000000000001,0.77863,0.0709,0.77269,0.07508,1.0
13,0.0,0.0,-1.0,1.0,0.0,0.0,0.0,0.0,-1.0,1.0,1.0,1.0,0.0,0.0,0.0,0.0,1.0,-1.0,-1.0,1.0,1.0,1.0,0.0,0.0,-1.0,-1.0,1.0,-1.0,1.0,1.0,-1.0,1.0,0.0,0.0,0.0
14,1.0,0.0,1.0,0.09802000000000001,1.0,0.25101,0.9839,0.33044,0.80365,0.5302,0.7497699999999999,0.60297,0.5693699999999999,0.71942,0.55311,0.74079,0.29452,0.8219299999999999,0.21136999999999997,0.79777,0.09709,0.8216200000000001,-0.01734,0.7987,-0.15144000000000002,0.7559600000000001,-0.22839,0.69187,-0.31713,0.60948,-0.40291,0.5452199999999999,-0.42815,0.44533999999999996,1.0
15,1.0,0.0,0.61857,0.1085,0.70694,-0.06935,0.70358,0.01678,0.74273,0.00224,0.71029,0.15772,0.7158800000000001,-0.00224,0.7975399999999999,0.066,0.8366899999999999,-0.16555,0.6868,-0.0906,0.6252800000000001,-0.01342,0.6096199999999999,0.11745,0.71253,-0.09508,0.69845,-0.016730000000000002,0.6331100000000001,0.0481,0.78859,-0.05145,0.65213,-0.04698,1.0
16,1.0,0.0,0.9520200000000001,0.02254,0.9375700000000001,-0.01272,0.9352600000000001,0.01214,0.96705,-0.01734,0.96936,0.0052,0.95665,-0.030639999999999997,0.9526,-0.00405,0.9948,-0.02659,0.99769,0.01792,0.93584,-0.049710000000000004,0.93815,-0.0237,0.97052,-0.04451,0.96215,-0.01647,0.9739899999999999,0.01908,0.95434,-0.0341,0.9583799999999999,0.00809,1.0
17,1.0,0.0,0.8880399999999999,0.38138,0.6592600000000001,0.69431,0.29148,0.87892,-0.06726,0.90135,-0.39597,0.8044100000000001,-0.64574,0.56502,-0.8296,0.26905999999999997,-0.7894,-0.08205,-0.6278,-0.30942,-0.46637,-0.55605,-0.16449,-0.6433800000000001,0.09562000000000001,-0.61055,0.30406,-0.48391999999999996,0.43227,-0.29838000000000003,0.47029,-0.09461,0.42152,0.12555999999999998,1.0
18,0.0,0.0,1.0,-1.0,1.0,-1.0,1.0,-1.0,1.0,-1.0,1.0,1.0,1.0,1.0,1.0,-1.0,1.0,1.0,1.0,1.0,1.0,1.0,1.0,-1.0,1.0,-1.0,1.0,-1.0,1.0,0.65625,0.0,0.0,1.0,-1.0,0.0
19,1.0,0.0,0.9588200000000001,0.10128999999999999,1.0,-0.019180000000000003,0.98313,0.02555,0.9697399999999999,-0.09316,0.98955,-0.027160000000000004,0.9798,-0.03096,1.0,-0.05343,1.0,-0.051789999999999996,0.9384,0.015569999999999999,0.9762,-0.09283999999999999,0.9788899999999999,-0.05318,0.9156700000000001,-0.15675,0.9567700000000001,-0.06995,0.9097799999999999,0.013069999999999998,1.0,-0.10797000000000001,0.9314399999999999,-0.06888,1.0
20,1.0,0.0,1.0,-0.8670100000000001,1.0,0.2228,0.8549200000000001,-0.39896,1.0,-0.1209,1.0,0.35147,1.0,0.07772000000000001,1.0,-0.14767,1.0,-1.0,1.0,-1.0,0.61831,0.15803,1.0,0.62349,1.0,-0.17012,1.0,0.35924,1.0,-0.66494,1.0,0.88428,1.0,-0.18825999999999998,0.0
21,0.0,0.0,1.0,-1.0,1.0,1.0,1.0,-1.0,1.0,1.0,1.0,-1.0,1.0,1.0,1.0,-1.0,1.0,-1.0,1.0,1.0,1.0,1.0,1.0,-1.0,1.0,-1.0,1.0,-1.0,1.0,1.0,1.0,-1.0,1.0,1.0,0.0
22,1.0,0.0,1.0,-0.24051,1.0,-0.20253,0.8734200000000001,-0.10127,0.88608,0.01266,1.0,0.11392000000000001,0.92405,0.06329,0.8481,-0.03797,0.6329100000000001,-0.36709,0.8734200000000001,-0.01266,0.93671,0.06329,1.0,0.25316,0.62025,-0.37975,0.8463700000000001,-0.0554,1.0,-0.06329,0.53165,0.02532,0.83544,-0.02532,1.0
23,1.0,0.0,0.29073000000000004,0.10025,0.23308,0.17293,0.03759,0.34336,0.1203,0.26316,0.06266000000000001,0.21303000000000002,-0.04725,0.12767,-0.06333,0.07907,-0.06327999999999999,0.04097,-0.054310000000000004,0.01408,-0.04166,-0.0028,-0.02876,-0.01176,-0.01755,-0.01505,-0.00886,-0.01475,-0.0028,-0.0125,0.0009599999999999999,-0.00948,0.0029,-0.00647,1.0
24,1.0,0.0,0.88179,0.43491,0.59573,0.77655,0.19672,0.94537,-0.24103000000000002,0.9254399999999999,-0.62526,0.71257,-0.8644299999999999,0.33652,-0.92384,-0.05338,-0.77356,-0.44706999999999997,-0.4695,-0.73285,-0.10237,-0.8221700000000001,0.26384,-0.7757,0.55984,-0.5591,0.72147,-0.24433000000000002,0.72478,0.09598999999999999,0.5813699999999999,0.38915,0.34749,0.5765600000000001,1.0
25,1.0,0.0,0.67065,0.02528,0.6662600000000001,0.05031,0.57197,0.18761,0.08776,0.34081,0.63621,0.12130999999999999,0.6209899999999999,0.14285,0.78637,0.10976,0.58373,0.18151,0.14395,0.41223999999999994,0.53888,0.21325999999999998,0.5142,0.22625,0.48838000000000004,0.23724,0.46166999999999997,0.24618,0.43433,0.25306,0.40663,0.25792,1.0,0.33036,1.0
26,0.0,0.0,0.0,0.0,0.0,0.0,0.0,0.0,0.0,0.0,0.0,0.0,0.0,0.0,0.0,0.0,0.0,0.0,0.0,0.0,0.0,0.0,0.0,0.0,0.0,0.0,1.0,0.0,0.0,0.0,0.0,0.0,0.0,0.0,0.0
27,1.0,0.0,0.4375,0.04167,0.58333,-0.10417,0.39583,0.0,0.33333,-0.0625,0.47917,0.0,0.29167,0.10417,0.54167,0.02083,0.4375,-0.22916999999999998,0.35417,-0.22916999999999998,0.33333,0.08333,0.25,0.1875,0.39583,-0.1875,0.44011999999999996,-0.10064,0.41667,-0.08333,0.58333,-0.3125,0.33333,-0.0625,1.0
28,1.0,0.0,0.49515,0.09709,0.29612,0.05825,0.34951,0.0,0.57282,-0.02427,0.5825199999999999,0.02427,0.33495,0.04854,0.52427,0.00485,0.47086999999999996,-0.1068,0.43204,0.00485,0.34951,0.05825,0.18932000000000002,0.25728,0.31068,-0.15049,0.36546999999999996,0.03815,0.3932,0.17476,0.26214,0.0,0.37379,-0.01942,1.0
29,0.0,0.0,1.0,1.0,1.0,-1.0,1.0,-1.0,1.0,1.0,0.0,0.0,1.0,-1.0,0.0,0.0,0.0,0.0,0.0,0.0,-1.0,1.0,1.0,1.0,0.0,0.0,1.0,1.0,0.0,0.0,-1.0,-1.0,0.0,0.0,0.0
30,1.0,0.0,0.8225399999999999,-0.07572000000000001,0.80462,0.00231,0.8751399999999999,-0.01214,0.86821,-0.07514,0.72832,-0.11734000000000001,0.84624,0.050289999999999994,0.83121,-0.07399,0.74798,0.06705,0.7832399999999999,0.06358,0.8676299999999999,-0.0237,0.7884399999999999,-0.06012000000000001,0.74451,-0.0237,0.76717,-0.02731,0.74046,-0.0763,0.70058,-0.0422,0.7843899999999999,0.01214,1.0
31,1.0,0.0,0.31034,-0.10345,0.24138,-0.10345,0.2069,-0.06897,0.07405,-0.054310000000000004,0.036489999999999995,-0.03689,0.01707,-0.02383,0.007409999999999999,-0.014819999999999998,0.00281,-0.00893,0.00078,-0.005229999999999999,-2.9999999999999997e-05,-0.00299,-0.00028,-0.0016600000000000002,-0.00031,-0.0009,-0.00025,-0.00047999999999999996,-0.00018,-0.00023999999999999998,-0.00011999999999999999,-0.00011999999999999999,-8e-05,-5.9999999999999995e-05,1.0
32,1.0,0.0,0.33333,-0.25,0.44443999999999995,0.22221999999999997,0.38889,0.16667,0.41667,0.13889,0.5,-0.11110999999999999,0.54911,-0.08442999999999999,0.58333,0.33333,0.55556,0.027780000000000003,0.25,-0.19444,0.47222,-0.055560000000000005,0.52778,-0.027780000000000003,0.38889,0.08333,0.41543,-0.14256,0.19444,-0.13889,0.36924,-0.14809,0.08333,-0.5,1.0
33,1.0,0.0,0.50112,-0.03596,0.61124,0.01348,0.5887600000000001,0.01573,0.5887600000000001,0.02472,0.66742,-0.00449,0.71685,-0.047189999999999996,0.6651699999999999,0.00899,0.57303,0.02472,0.6471899999999999,-0.07416,0.5685399999999999,0.14157,0.57528,-0.03596,0.46517,0.04944,0.56588,0.00824,0.4764,-0.03596,0.5460699999999999,0.10562,0.60674,-0.0809,1.0
34,1.0,0.0,0.9703200000000001,-0.14384,0.9132399999999999,-0.00228,0.96575,-0.17123,0.9863,0.18265,0.91781,0.00228,0.9360700000000001,-0.08447,0.9132399999999999,-0.00228,0.8675799999999999,-0.08676,0.9703200000000001,-0.21233000000000002,1.0,0.10274000000000001,0.92009,-0.05251,0.92466,0.06849,0.9404299999999999,-0.09252,0.9703200000000001,-0.20090999999999998,0.85388,-0.08676,0.96575,-0.21918,1.0
35,1.0,0.0,0.44443999999999995,0.44443999999999995,0.53695,0.9076299999999999,-0.22221999999999997,1.0,-0.33333,0.88889,-1.0,0.33333,-1.0,-0.11110999999999999,-1.0,-0.22221999999999997,-0.66667,-0.77778,0.55556,-1.0,-0.22221999999999997,-0.77778,0.77778,-0.22221999999999997,0.33333,0.0,0.9212,0.45019,0.5745399999999999,0.8435299999999999,0.22221999999999997,1.0,-0.55556,1.0,1.0
36,1.0,0.0,0.87111,0.04326,0.7994600000000001,0.18297,0.9900899999999999,0.29291999999999996,0.89455,-0.08337,0.8859799999999999,-0.02028,0.90446,-0.26724000000000003,0.8941,0.19964,0.88644,-0.046419999999999996,0.84452,-0.009909999999999999,0.97882,-0.34024,0.7895399999999999,-0.25101,0.86661,-0.09193,0.85967,-0.02908,0.78774,-0.041010000000000005,0.75935,0.21811999999999998,0.8823799999999999,0.09193,1.0
37,1.0,0.0,1.0,-0.05529,1.0,-1.0,0.5,-0.11110999999999999,0.36111,-0.22221999999999997,1.0,-0.25711999999999996,0.16667,-0.11110999999999999,1.0,-0.3466,1.0,-0.38853000000000004,1.0,-0.42862,0.0,-0.25,1.0,-0.50333,1.0,-0.27778,1.0,-0.57092,1.0,-0.27778,1.0,-0.63156,1.0,-0.65935,0.0
38,1.0,0.0,0.9227700000000001,0.07804,0.92679,0.16251,0.89702,0.24618,0.84111,0.35197,0.78801,0.42196000000000006,0.70716,0.46983,0.70796,0.56476,0.60459,0.642,0.51247,0.6492399999999999,0.39903,0.66975,0.34231999999999996,0.68343,0.23693000000000003,0.76146,0.18765,0.73885,0.09694,0.71038,0.02735,0.77072,-0.04023,0.69509,1.0
39,1.0,0.0,1.0,-0.03365,1.0,0.00485,1.0,-0.12062,0.88965,0.01198,0.73082,0.05346,0.8544299999999999,0.00827,0.54591,0.00299,0.83775,-0.13644,0.75535,-0.0854,0.70887,-0.27502,0.43385,-0.12062,0.57528,-0.4022,0.5898399999999999,-0.22145,0.431,-0.17365,0.60436,-0.2418,0.56045,-0.38238,1.0
40,1.0,0.0,0.85209,0.39252,0.38887,0.76432,0.08857999999999999,0.98903,-0.42625,0.88744,-0.7622899999999999,0.4998,-0.9309200000000001,0.10768,-0.8590000000000001,-0.31044,-0.6603,-0.55262,-0.1926,-0.8606299999999999,0.28444,-0.80496,0.64649,-0.3523,0.7781399999999999,-0.23324,0.7169800000000001,0.21343,0.3783,0.5831,0.19667,0.66315,-0.11215,0.64933,1.0
41,1.0,0.0,-0.01864,-0.08459,0.0,0.0,0.0,0.0,0.1147,-0.2681,-0.45663000000000004,-0.38172,0.0,0.0,-0.33655999999999997,0.38602,-0.37133,0.15018,0.6372800000000001,0.22115,0.0,0.0,0.0,0.0,-0.14803,-0.01326,0.20645,-0.022940000000000002,0.0,0.0,0.16595,0.24086,-0.08208,0.38065,0.0
42,1.0,0.0,0.32834,0.0252,0.15236,0.21278000000000002,0.14919000000000002,0.74003,-0.25706,0.92324,-0.10312,0.1938,-0.61352,0.25786,-0.94053,-0.05409,-0.13117,-0.14329,-0.30315,-0.44615,-0.11409000000000001,-0.8559700000000001,0.026680000000000002,-0.22785999999999998,0.27942,-0.06295,0.33737,-0.11875999999999999,0.27657,-0.11409000000000001,0.15078,0.13296,0.12197000000000001,0.20468,1.0
43,0.0,0.0,0.0,0.0,0.0,0.0,0.0,0.0,0.0,0.0,0.0,0.0,0.0,0.0,0.0,0.0,0.0,0.0,0.0,0.0,0.0,0.0,0.0,0.0,0.0,0.0,1.0,1.0,0.0,0.0,0.0,0.0,0.0,0.0,0.0
44,1.0,0.0,-0.65625,0.15625,0.0625,0.0,0.0,0.0625,0.625,0.0625,0.1875,0.0,-0.03125,0.09375,0.0625,0.0,0.15625,-0.15625,0.4375,-0.375,0.0,-0.09375,0.0,0.0,0.03125,-0.46875,0.03125,0.0,-0.71875,0.03125,-0.03125,0.0,0.0,0.09375,0.0
45,1.0,0.0,0.6351,-0.04388,0.7653,0.02968,0.61432,0.36028000000000004,0.65358,-0.00462,0.64203,0.08313999999999999,0.79446,-0.43418,0.72517,0.54965,0.5958399999999999,0.13857,0.6351,0.2194,0.63279,-0.25404,0.7095100000000001,0.15359,0.64665,0.23095,0.68775,0.17704,0.61663,0.07621,0.6631600000000001,0.19841,0.69053,0.36721,1.0
46,1.0,0.0,0.9521700000000001,0.06595,0.93614,0.1303,0.90996,0.19152,0.8488100000000001,-0.49962,0.90023,0.6132,0.77937,0.34328000000000003,0.72254,0.37988,0.66145,0.40844,0.9547200000000001,0.5986199999999999,0.53258,0.44088,0.46773000000000003,0.44511000000000006,0.4044,0.44198999999999994,0.34374,0.43221000000000004,0.9033,1.0,0.23405,0.3962,0.18632,0.37191,1.0
47,1.0,0.0,0.64947,-0.07896,0.5826399999999999,-0.1438,-0.13129000000000002,-0.21384,0.29796,0.04403,0.38095999999999997,-0.26339,0.28931,-0.31997,0.034589999999999996,-0.18947,0.20269,-0.29441,0.15195999999999998,-0.29052,0.09512999999999999,-0.31525,0.06556000000000001,-0.26795,0.030039999999999997,-0.25124,-0.00045999999999999996,-0.2321,-0.026119999999999997,-0.21129,-0.04717,-0.1895,0.013359999999999999,-0.27201,1.0
48,1.0,0.0,0.7983,0.09417,0.7812899999999999,0.20656,0.71628,0.28068000000000004,0.6932,0.41252,0.65917,0.50122,0.57898,0.60814,0.4921,0.58445,0.33354,0.67861,0.29586999999999997,0.63548,0.09598999999999999,0.68104,0.020659999999999998,0.72236,-0.08748,0.63183,-0.11925,0.60696,-0.18225999999999998,0.56015,-0.25516,0.5170100000000001,-0.27339,0.42467,1.0
49,1.0,0.0,0.06404,-0.15270999999999998,-0.04433,0.05911,0.08374,-0.024630000000000003,-0.014780000000000001,0.18719,0.06404,0.0,0.12315,-0.09852000000000001,0.05911,0.0,0.0197,-0.029560000000000003,-0.12808,-0.2069,0.06897,0.014780000000000001,0.06897,0.029560000000000003,0.07882,0.16255999999999998,0.28079,-0.049260000000000005,-0.05911,-0.0936,0.04433,0.054189999999999995,0.07389,-0.10837000000000001,0.0
50,1.0,0.0,0.75564,0.49638000000000004,0.8355,0.54301,0.54916,0.72063,0.35225,0.70792,0.13469,0.9474899999999999,-0.09817999999999999,0.93778,-0.37604,0.8222299999999999,-0.52742,0.7116100000000001,-0.68358,0.67989,-0.70163,0.24956,-0.79147,0.02995,-0.98988,-0.29099,-0.70352,-0.32792,-0.63312,-0.19185,-0.34131,-0.60454,-0.19609000000000001,-0.62956,1.0
51,1.0,0.0,0.97588,-0.10602,0.94601,-0.20800000000000002,0.92806,-0.2835,0.8599600000000001,-0.27342,0.79766,-0.47928999999999994,0.78225,-0.50764,0.74628,-0.61436,0.57945,-0.68086,0.37851999999999997,-0.73641,0.36324,-0.76562,0.31898000000000004,-0.7975300000000001,0.22791999999999998,-0.81634,0.13659000000000002,-0.8251,0.046060000000000004,-0.82395,-0.04262,-0.81318,-0.13832,-0.80975,1.0
52,1.0,0.0,1.0,-0.15899000000000002,0.72314,0.27686,0.8344299999999999,-0.5838800000000001,1.0,-0.28207,1.0,-0.49863,0.79962,-0.12527,0.76837,0.14637999999999998,1.0,0.39337,1.0,0.2659,0.96354,-0.01891,0.92599,-0.91338,1.0,0.14803,1.0,-0.11582,1.0,-0.11129000000000001,1.0,0.53372,1.0,-0.57758,1.0
53,1.0,0.0,0.82624,0.08156000000000001,0.79078,-0.08156000000000001,0.9042600000000001,-0.017730000000000003,0.9290799999999999,0.01064,0.80142,0.08865,0.94681,-0.007090000000000001,0.94326,0.0,0.9326200000000001,0.20213,0.95035,-0.007090000000000001,0.91489,0.007090000000000001,0.80496,0.07092000000000001,0.91135,0.15957000000000002,0.8952700000000001,0.08165,0.7766,0.06738,0.92553,0.18085,0.92553,0.0,1.0
54,1.0,0.0,0.79378,0.29491999999999996,0.64064,0.52312,0.41318999999999995,0.68158,0.14177,0.8354799999999999,-0.16831,0.78772,-0.42911000000000005,0.72328,-0.57165,0.41471,-0.75436,0.16755,-0.69977,-0.09856000000000001,-0.57695,-0.23503000000000002,-0.40637,-0.38287,-0.17437,-0.5254,0.01523,-0.48707,0.1903,-0.38059,0.31008,-0.23199,0.34571999999999997,-0.08036,1.0
55,1.0,0.0,0.66161,-1.0,1.0,1.0,1.0,-0.6732100000000001,0.80893,-0.40446,1.0,-1.0,1.0,-0.89375,1.0,0.73393,0.17589000000000002,0.70982,1.0,0.78036,1.0,0.8526799999999999,1.0,-1.0,1.0,0.85357,1.0,-0.08571000000000001,0.9598200000000001,-0.3625,1.0,0.65268,1.0,0.34731999999999996,0.0
56,1.0,0.0,0.9166700000000001,0.29167,0.8333299999999999,-0.16667,0.70833,0.25,0.875,-0.08333,0.9166700000000001,0.04167,0.8333299999999999,0.125,0.70833,0.0,0.875,0.04167,1.0,0.08333,0.66667,-0.08333,0.75,0.16667,0.8333299999999999,-0.125,0.83796,0.055029999999999996,1.0,0.20833000000000002,0.70833,0.0,0.70833,0.04167,1.0
57,1.0,0.0,-1.0,-1.0,0.0,0.0,0.5081399999999999,-0.7850199999999999,0.6058600000000001,0.32899,-1.0,-0.41368,0.0,0.0,0.0,0.0,1.0,-0.2671,0.36482,-0.63518,0.9706799999999999,-1.0,-1.0,-1.0,1.0,-0.59609,-1.0,-1.0,-1.0,-1.0,1.0,-1.0,0.0,0.0,0.0
58,1.0,0.0,0.67547,0.04528,0.76981,-0.10565999999999999,0.77358,0.037739999999999996,0.66038,-0.04528,0.64528,0.01132,0.66792,-0.13962,0.72075,-0.02264,0.76981,0.08678999999999999,0.61887,-0.07925,0.75849,-0.23774,0.7396199999999999,-0.14717,0.84906,-0.15094000000000002,0.7388600000000001,-0.05801,0.66792,0.02264,0.86415,0.037739999999999996,0.7320800000000001,0.00755,1.0
59,0.0,0.0,0.0,0.0,0.0,0.0,0.0,0.0,0.0,0.0,0.0,0.0,1.0,1.0,1.0,1.0,1.0,-1.0,0.0,0.0,1.0,1.0,1.0,-1.0,1.0,1.0,1.0,0.0,1.0,1.0,1.0,-1.0,0.0,0.0,0.0
60,1.0,0.0,1.0,-0.01081,1.0,-0.027030000000000002,1.0,-0.06486,0.95135,-0.01622,0.98919,-0.03243,0.98919,0.08649,1.0,-0.06486,0.95135,0.09189,0.9783799999999999,-0.00541,1.0,0.06486,1.0,0.04324,0.9783799999999999,0.09189,0.98556,0.01251,1.0,-0.03243,1.0,0.027030000000000002,1.0,-0.07027,1.0
61,1.0,0.0,0.35346,-0.13768,0.69387,-0.02423,0.68195,-0.03574,0.5571699999999999,-0.061189999999999994,0.61836,-0.10467,0.6209899999999999,-0.06527000000000001,0.5936100000000001,-0.07289,0.42271000000000003,-0.26409,0.58213,0.04992,0.49736,-0.08771,0.46241000000000004,-0.08989,0.45008000000000004,-0.00564,0.39146,-0.09038,0.35588000000000003,-0.10305999999999998,0.32232,-0.08637,0.28943,-0.083,1.0
62,1.0,0.0,0.62121,-0.63636,0.0,0.0,0.0,0.0,0.3447,0.28788,0.42803,0.39394,-0.07576000000000001,0.51894,0.36364,0.31439,-0.53788,0.32955,0.12120999999999998,-0.14773,0.018940000000000002,-0.53409,-0.57576,0.17803,0.29167,-0.27273000000000003,0.25758000000000003,-0.57576,0.43182,0.24241999999999997,0.18182,-0.02273,0.17045,-0.41667,0.0
63,1.0,0.0,0.4709,0.22751,0.42328000000000005,0.33598,0.25661,0.47618999999999995,0.01852,0.49471000000000004,-0.021159999999999998,0.53968,-0.34126999999999996,0.31217,-0.4127,0.3254,-0.5158699999999999,0.06878,-0.5,-0.1164,-0.14815,-0.1455,-0.14815,-0.38095,-0.2328,0.00265,0.03574,-0.31739,0.15872999999999998,-0.21693,0.24868,-0.24339,0.2672,0.04233,1.0
64,1.0,0.0,1.0,-0.57224,0.9915,-0.7337100000000001,0.89518,-0.9745,1.0,-0.35818,1.0,-0.23229,0.6289,-0.8640200000000001,1.0,-0.57535,1.0,-0.79603,0.76771,-0.8895200000000001,0.96601,-1.0,0.7012,-0.7489600000000001,0.61946,-0.76904,0.53777,-0.77986,0.8102,-1.0,1.0,-1.0,0.30445,-0.76112,1.0
65,1.0,0.0,0.9459799999999999,-0.02685,-1.0,0.26131,-0.36393000000000003,0.35639,0.69258,-0.63427,1.0,-0.033530000000000004,-0.2902,-0.0055,-0.54852,0.15452,0.9192100000000001,-0.4627,1.0,-0.5042399999999999,-0.29735,-0.31454,-0.73864,0.37361,0.83872,-0.46734,0.52208,-0.5813,1.0,-0.61393,-0.09634,0.20477,-0.06117,0.41913,0.0
66,1.0,0.0,0.97905,0.1581,0.90112,0.35236999999999996,0.82039,0.48561000000000004,0.7176,0.64888,0.58827,0.73743,0.40349,0.8315600000000001,0.2514,0.84804,0.047,0.85475,-0.12193,0.7974899999999999,-0.2618,0.8075399999999999,-0.37835,0.7167600000000001,-0.51034,0.58324,-0.57587,0.4604,-0.6189899999999999,0.30796,-0.65754,0.18345,-0.6413399999999999,0.02968,1.0
67,1.0,0.0,1.0,0.0,1.0,0.0,0.5,0.5,0.75,0.0,0.91201,0.12094,0.8906700000000001,0.1421,0.8692200000000001,0.16228,0.75,0.25,0.75,0.5,0.75,0.0,1.0,-0.25,0.5,0.5,0.73944,0.26388,0.75,0.25,0.69635,0.29074,0.67493,0.30293000000000003,1.0
68,1.0,0.0,1.0,0.0507,1.0,0.10827,1.0,0.19498,1.0,0.28453,1.0,0.34826,1.0,0.38261,0.94575,0.42881,0.89126,0.5039100000000001,0.7590600000000001,0.58801,0.8064399999999999,0.5996199999999999,0.79578,0.62758,0.66643,0.63942,0.59417,0.69435,0.49538000000000004,0.7268399999999999,0.47026999999999997,0.7168899999999999,0.33381,0.75243,1.0
69,1.0,0.0,-0.26666999999999996,0.4,-0.27303,0.12159,-0.17778,-0.04444,0.06192,-0.06879,0.044610000000000004,0.02575,-0.00885,0.027260000000000003,-0.01586,-0.0016600000000000002,-0.00093,-0.00883,0.0047,-0.0015300000000000001,0.0013800000000000002,0.00238,-0.00114,0.0010199999999999999,-0.0006900000000000001,-0.0005,0.00018999999999999998,-0.00043,0.00026000000000000003,5e-05,0.0,0.00015,-8e-05,2e-05,0.0
70,1.0,0.0,0.9751299999999999,0.0071,0.9857899999999999,0.019540000000000002,1.0,0.019540000000000002,0.9929,0.01599,0.95737,0.02309,0.9715799999999999,0.035519999999999996,1.0,0.0373,0.97869,0.02131,0.9857899999999999,0.056839999999999995,0.9715799999999999,0.04796,0.94494,0.055060000000000005,0.98401,0.035519999999999996,0.9754,0.06477000000000001,0.9484899999999999,0.08171,0.9911200000000001,0.06217,0.98934,0.09947,1.0
71,1.0,0.0,0.19466,0.05725,0.04198,0.25190999999999997,-0.10557000000000001,0.48866000000000004,-0.18320999999999998,-0.18320999999999998,-0.41985,0.061070000000000006,-0.4542,0.0916,-0.16412000000000002,-0.30534,-0.10305,-0.39695,0.18702,-0.17557,0.34012,-0.11953,0.28626,-0.16030999999999998,0.21645,0.24691999999999997,0.03913,0.31092,-0.038169999999999996,0.26336,-0.16794,0.16794,-0.30153,-0.33588,1.0
72,1.0,0.0,1.0,0.63548,1.0,1.0,0.77123,1.0,-0.33333,1.0,-1.0,1.0,0.0,1.0,-1.0,1.0,-1.0,0.0,-1.0,-0.66667,-1.0,-0.9253600000000001,-1.0,-0.33333,-0.33333,-1.0,0.19235,-1.0,1.0,-1.0,0.0,-1.0,1.0,-0.66667,1.0
73,1.0,0.0,1.0,-0.14236,1.0,-0.16255999999999998,1.0,-0.23656,1.0,-0.07514,1.0,-0.2501,1.0,-0.26161,1.0,-0.21975,1.0,-0.38606,1.0,-0.46162,1.0,-0.35519,1.0,-0.5966100000000001,1.0,-0.47643,0.9882,-0.49687,1.0,-0.7582,1.0,-0.75761,1.0,-0.8443700000000001,1.0
74,1.0,0.0,0.9464899999999999,0.00892,0.9728700000000001,-0.0026,0.9892200000000001,0.00372,0.95801,0.01598,0.9405399999999999,0.0353,0.9721299999999999,0.047189999999999996,0.98625,0.018580000000000003,0.9427700000000001,0.07135,0.98551,-0.0070599999999999994,0.9777,0.0498,0.9635799999999999,0.07098,0.93274,0.08101,0.9524299999999999,0.04356,0.9747299999999999,0.00818,0.97845,0.07061,1.0,-0.0026,1.0
75,1.0,0.0,0.8501299999999999,0.018090000000000002,0.92211,0.01456,0.9204600000000001,0.0218,0.92765,0.0801,0.87597,0.1137,0.91161,0.0432,0.90738,0.05018,0.87339,0.028419999999999997,0.9586600000000001,0.0,0.89097,0.07047,0.8843,0.07697000000000001,0.83721,0.10853,0.86923,0.0895,0.87597,0.08786000000000001,0.85198,0.10134,0.8425799999999999,0.10697999999999999,1.0
76,1.0,0.0,1.0,0.0838,1.0,0.17387,1.0,-0.13308,0.98172,0.6452,1.0,0.47903999999999997,1.0,0.59113,1.0,0.70758,1.0,0.8277700000000001,1.0,0.95099,1.0,1.0,0.9804200000000001,1.0,0.9162399999999999,1.0,0.83899,1.0,0.74822,1.0,0.64358,1.0,0.52479,1.0,1.0
77,1.0,0.0,0.8703200000000001,0.46971999999999997,0.53945,0.8216100000000001,0.1038,0.95275,-0.38033,0.87916,-0.73939,0.58226,-0.92099,0.16731,-0.8241700000000001,-0.24941999999999998,-0.59383,-0.63342,-0.24011999999999997,-0.82881,0.18823,-0.78699,0.51557,-0.5743,0.6927399999999999,-0.24843,0.69097,0.10484,0.52798,0.39762,0.25974,0.5657300000000001,-0.06738999999999999,0.57552,1.0
78,1.0,0.0,1.0,0.54902,0.62745,1.0,0.01961,1.0,-0.4902,0.9215700000000001,-0.8235299999999999,0.58824,-1.0,0.11765,-0.96078,-0.33333,-0.6470600000000001,-0.6862699999999999,-0.23529,-0.86275,0.35294000000000003,-1.0,0.7451,-0.72549,0.9215700000000001,-0.21569000000000002,0.92874,0.21875999999999998,0.72549,0.56863,0.23529,0.90196,-0.11765,0.90196,1.0
79,1.0,0.0,0.01975,0.00705,0.0409,-0.008459999999999999,0.021159999999999998,0.01128,0.01128,0.04372,0.00282,0.00141,0.01975,-0.031030000000000002,-0.01975,0.06065,-0.0409,0.0268,-0.02398,-0.004229999999999999,0.04372,-0.02539,0.018340000000000002,0.0,0.0,-0.01269,0.018340000000000002,-0.01128,0.00564,-0.01551,-0.01693,-0.02398,0.00705,0.0,0.0
80,1.0,0.0,1.0,-0.37838,0.64865,0.2973,0.64865,-0.24324,0.8648600000000001,0.18919,1.0,-0.27026999999999995,0.51351,0.0,0.62162,-0.05405,0.32432,-0.21622,0.71833,-0.17665999999999998,0.62162,0.05405,0.75676,0.13514,0.35135,-0.2973,0.61031,-0.22163000000000002,0.58478,-0.23026999999999997,0.72973,-0.59459,0.51351,-0.24324,1.0
81,1.0,0.0,0.89505,-0.03168,0.87525,0.05545,0.89505,0.013859999999999999,0.92871,0.027719999999999998,0.9128700000000001,-0.0099,0.9405899999999999,-0.01584,0.91881,0.03366,0.93663,0.0,0.94257,0.013859999999999999,0.90495,0.00792,0.88713,-0.01782,0.89307,0.02376,0.89002,0.01611,0.8811899999999999,0.00198,0.8732700000000001,0.04158,0.8673299999999999,0.02376,1.0
82,1.0,0.0,0.8811,0.0,0.9481700000000001,-0.02744,0.9359799999999999,-0.0122,0.9024399999999999,0.01829,0.9024399999999999,0.01829,0.9390200000000001,0.00915,0.9573200000000001,0.00305,1.0,0.02744,0.9420700000000001,-0.0122,0.90854,0.024390000000000002,0.9146299999999999,0.05488,0.99695,0.048780000000000004,0.89666,0.02226,0.90854,0.00915,1.0,0.05488,0.9756100000000001,-0.0122,1.0
83,1.0,0.0,0.73523,-0.38293,0.8015100000000001,0.10278,0.7882600000000001,0.15266,0.5558,0.052520000000000004,1.0,0.21225,0.7194699999999999,0.28954,0.68798,0.32925,0.49672,0.17287,0.6433300000000001,-0.02845,0.57399,0.42528,0.5312,0.44872,0.9453,0.57549,0.44173999999999997,0.48200000000000004,0.12473,1.0,0.3507,0.49721000000000004,0.30588000000000004,0.49831000000000003,1.0
84,1.0,0.0,0.7629600000000001,-0.07778,1.0,-0.2963,1.0,-0.85741,0.8,0.061110000000000005,0.45556,-0.42778,1.0,-0.12580999999999998,1.0,-0.83519,0.49259,0.01852,0.8222200000000001,-0.05926,0.98215,-0.19938,1.0,0.22036999999999998,0.6963,-0.26481,0.92148,-0.24549,0.78889,0.02037,0.87492,-0.27105,1.0,-0.5703699999999999,1.0
85,1.0,0.0,1.0,0.00433,1.0,-0.01209,1.0,-0.0296,1.0,-0.07014,0.97839,-0.06256,1.0,-0.06544,0.9726100000000001,-0.07917,0.92561,-0.13665,0.94184,-0.14327,0.9958899999999999,-0.14248,0.94815,-0.13565,0.89469,-0.20851,0.8906700000000001,-0.17909,0.85644,-0.18552000000000002,0.8377700000000001,-0.20101,0.83867,-0.20765999999999998,1.0
86,0.0,0.0,1.0,1.0,1.0,-1.0,1.0,1.0,1.0,1.0,1.0,1.0,1.0,-1.0,1.0,1.0,1.0,-1.0,1.0,-1.0,1.0,1.0,1.0,1.0,1.0,-1.0,1.0,1.0,1.0,1.0,1.0,1.0,1.0,1.0,0.0
87,1.0,0.0,1.0,-0.28428000000000003,1.0,-0.25346,0.9462299999999999,-0.35094000000000003,1.0,-0.30566,0.9273600000000001,-0.49057,0.9081799999999999,-0.44118999999999997,0.7572300000000001,-0.58899,0.69748,-0.58019,0.59623,-0.5757899999999999,0.6845899999999999,-0.70975,0.54465,-0.8732700000000001,0.49213999999999997,-0.73333,0.35504,-0.76054,0.26352,-0.7823899999999999,0.16604000000000002,-0.73145,0.13994,-0.7,1.0
88,1.0,0.0,0.9265700000000001,0.04174,0.89266,0.15766,0.86098,0.19791,0.83675,0.36526,0.80619,0.40198,0.76221,0.40552,0.66586,0.4836,0.60101,0.51752,0.53392,0.5218,0.48435,0.5421199999999999,0.42546000000000006,0.55684,0.3334,0.55274,0.26978,0.54214,0.22307,0.5344800000000001,0.14312,0.49123999999999995,0.11573,0.46571,1.0
89,0.0,0.0,1.0,-1.0,1.0,1.0,1.0,-1.0,1.0,1.0,1.0,-1.0,1.0,-1.0,1.0,-1.0,1.0,1.0,1.0,1.0,1.0,1.0,1.0,-1.0,1.0,1.0,1.0,1.0,1.0,1.0,1.0,1.0,1.0,-1.0,0.0
90,0.0,0.0,0.0,0.0,0.0,0.0,0.0,0.0,1.0,1.0,1.0,1.0,0.0,0.0,0.0,0.0,-0.375,-1.0,-1.0,-1.0,0.0,0.0,0.0,0.0,-1.0,-1.0,-1.0,-1.0,-1.0,1.0,1.0,0.0,0.0,0.0,0.0
91,0.0,0.0,-1.0,1.0,1.0,-1.0,0.0,0.0,0.0,0.0,1.0,-1.0,1.0,1.0,0.0,0.0,1.0,-1.0,0.0,0.0,0.0,0.0,1.0,1.0,-1.0,1.0,1.0,-1.0,-1.0,1.0,-1.0,-1.0,0.0,0.0,0.0
92,1.0,0.0,0.0,0.0,0.98919,-0.22703,0.18919,-0.05405,0.0,0.0,0.93243,0.07297000000000001,1.0,-0.2,1.0,0.07027,1.0,-0.11350999999999999,0.0,0.0,1.0,-0.21081,1.0,-0.41622,0.0,0.0,1.0,-0.17568,0.0,0.0,1.0,-0.25945999999999997,0.28919,-0.15675999999999998,0.0
93,1.0,0.0,0.29202,0.13582,0.45331000000000005,0.16808,0.51783,-0.00509,0.52632,0.20883000000000002,0.52462,-0.16638,0.47368000000000005,-0.04754,0.55518,0.03905,0.8166399999999999,-0.22411,0.42445,-0.04244,0.34975,0.06621,0.28183,-0.20883000000000002,0.51731,-0.031760000000000004,0.50369,-0.033510000000000005,0.34635,0.09847,0.70798,-0.018680000000000002,0.39559,-0.032260000000000004,1.0
94,1.0,0.0,0.42,-0.61,0.0,0.0,1.0,-1.0,0.9,1.0,0.43,0.64,0.0,0.0,0.0,0.0,0.67,-0.29,0.84,-1.0,0.0,0.0,0.0,0.0,0.21,0.68,1.0,0.22,0.0,0.0,0.0,0.0,0.0,0.0,0.0
95,1.0,0.0,0.50466,-0.16899999999999998,0.7144199999999999,0.015130000000000001,0.71063,0.022580000000000003,0.68065,0.012819999999999998,0.34615,0.05594,0.6905,0.043930000000000004,0.68101,0.05058,0.67023,0.056920000000000005,0.63403,-0.04662,0.64503,0.06856,0.6307699999999999,0.07381,0.8403299999999999,0.18065,0.59935,0.08304,0.38228,0.0676,0.56466,0.09046,0.54632,0.09346,1.0
96,1.0,0.0,1.0,0.45455,1.0,0.54545,0.81818,0.63636,1.0,-0.09091,1.0,0.0,0.81818,-0.45455,0.63636,0.27273000000000003,1.0,-0.63636,1.0,-0.27273000000000003,0.90909,-0.45455,1.0,0.0775,1.0,-0.09091,1.0,0.08867,1.0,0.36364,1.0,0.63636,0.72727,0.27273000000000003,1.0
97,0.0,0.0,1.0,-1.0,0.0,0.0,0.0,0.0,1.0,1.0,1.0,-1.0,-0.71875,1.0,0.0,0.0,-1.0,1.0,1.0,1.0,-1.0,1.0,1.0,0.5625,-1.0,1.0,1.0,1.0,1.0,-1.0,1.0,1.0,1.0,1.0,0.0
98,1.0,0.0,0.88103,-0.00857,0.89818,-0.02465,0.94105,-0.01822,0.89175,-0.12755,0.8220799999999999,-0.10932,0.8885299999999999,0.01179,0.9078200000000001,-0.13719,0.8713799999999999,-0.06109,0.9078200000000001,-0.02358,0.8799600000000001,-0.14577,0.8285100000000001,-0.12433,0.9013899999999999,-0.19507,0.88245,-0.14903,0.84352,-0.12862,0.8842399999999999,-0.18542,0.9174700000000001,-0.16827,1.0
99,1.0,0.0,1.0,-0.06604,1.0,0.62937,1.0,0.09557,1.0,0.2028,1.0,-1.0,1.0,-0.40559,1.0,-0.15850999999999998,1.0,0.04895,1.0,-0.61538,1.0,-0.26573,1.0,-1.0,1.0,-0.5804199999999999,1.0,-0.81372,1.0,-1.0,1.0,-0.78555,1.0,-0.48252,1.0
100,1.0,0.0,0.7470399999999999,-0.13241,0.53755,0.16996,0.72727,0.09486,0.69565,-0.11067,0.66798,-0.23518000000000003,0.87945,-0.1917,0.73715,0.0415,0.63043,-0.00395,0.63636,-0.11857999999999999,0.7924899999999999,-0.25296,0.66403,-0.28656,0.67194,-0.10474000000000001,0.61847,-0.12040999999999999,0.6007899999999999,-0.20949,0.37549,0.06917000000000001,0.6106699999999999,-0.01383,1.0
101,1.0,0.0,0.9608700000000001,0.0862,0.9676,0.19279000000000002,0.96026,0.27451,0.98044,0.35052,0.9286700000000001,0.46281000000000005,0.86265,0.52517,0.8282,0.58794,0.73242,0.69065,0.69003,0.7314,0.54473,0.6882,0.48339,0.76197,0.40615,0.7468899999999999,0.33401,0.83796,0.24944000000000002,0.86061,0.13756,0.86835,0.09047999999999999,0.86285,1.0
102,1.0,0.0,0.45455,0.09091,0.63636,0.09091,0.27273000000000003,0.18182,0.63636,0.0,0.36364,-0.09091,0.45455,-0.09091,0.48612,-0.013430000000000001,0.63636,-0.18182,0.45455,0.0,0.36364,-0.09091,0.27273000000000003,0.18182,0.36364,-0.09091,0.34442,-0.01768,0.27273000000000003,0.0,0.36364,0.0,0.28985,-0.01832,1.0
103,1.0,0.0,0.46785,0.11308,0.5898,0.00665,0.55432,0.06874,0.47894,-0.13969,0.52993,0.0133,0.63858,-0.16186,0.6784899999999999,-0.033260000000000005,0.54545,-0.13525,0.52993,-0.046560000000000004,0.47894,-0.19512000000000002,0.50776,-0.13525,0.41463,-0.20177,0.5393,-0.11455,0.59867,-0.02882,0.53659,-0.11752,0.56319,-0.04435,1.0
104,1.0,0.0,0.9014700000000001,0.41786,0.64131,0.75725,0.3044,0.9514799999999999,-0.20449,0.96534,-0.55483,0.81191,-0.81857,0.50949,-0.96986,0.10345,-0.91456,-0.31411999999999995,-0.70163,-0.65461,-0.32354,-0.88999,0.05865,-0.9417200000000001,0.44483,-0.8215399999999999,0.74105,-0.5523100000000001,0.89415,-0.18725,0.8789299999999999,0.20359000000000002,0.70555,0.54852,1.0
105,1.0,0.0,0.4987,0.01818,0.43117,-0.0961,0.50649,-0.04156,0.5013,0.0961,0.44675,0.059739999999999994,0.5584399999999999,-0.11947999999999999,0.51688,-0.03636,0.52727,-0.059739999999999994,0.55325,-0.01039,0.48571000000000003,-0.03377,0.49091,-0.01039,0.59221,0.0,0.53215,-0.0328,0.43117,0.03377,0.54545,-0.05455,0.5896100000000001,-0.08571000000000001,1.0
106,1.0,0.0,0.85736,0.00075,0.81927,-0.056760000000000005,0.7752100000000001,-0.041819999999999996,0.8431700000000001,0.09037,0.8625799999999999,0.11949000000000001,0.88051,-0.061239999999999996,0.78342,0.0351,0.83719,-0.06796,0.8357,-0.1419,0.88125,0.01195,0.90515,0.0224,0.79686,-0.01942,0.82383,-0.03678,0.88125,-0.06423,0.73936,-0.01942,0.79089,-0.09186,1.0
107,1.0,0.0,0.68729,1.0,0.9197299999999999,-0.7608699999999999,0.8177300000000001,0.04348,0.7608699999999999,0.10702,0.8678899999999999,0.73746,0.70067,0.18227000000000002,0.7592,0.13712,0.9347799999999999,-0.25084,0.70736,0.18729,0.64883,0.24581999999999998,0.60201,0.77425,1.0,-0.53846,0.8926200000000001,0.22216,0.7107,0.53846,1.0,-0.06522,0.56522,0.23913,0.0
108,1.0,0.0,1.0,-1.0,1.0,1.0,-1.0,1.0,1.0,-1.0,1.0,-1.0,-1.0,-1.0,-1.0,1.0,1.0,1.0,1.0,1.0,-1.0,1.0,1.0,-1.0,1.0,-1.0,1.0,1.0,1.0,1.0,-1.0,1.0,-1.0,1.0,0.0
109,1.0,0.0,0.74852,-0.028110000000000003,0.6568,-0.05177999999999999,0.80621,0.028110000000000003,0.8594700000000001,0.02515,0.63462,0.08728,0.7159800000000001,0.0784,0.73077,0.05177999999999999,0.7855,-0.27810999999999997,0.65976,-0.014790000000000001,0.78698,0.06953,0.34615,-0.18639,0.65385,0.028110000000000003,0.6100899999999999,-0.06637,0.5355,-0.21154,0.59024,-0.14053,0.56361,0.029589999999999998,1.0
110,1.0,0.0,0.94701,-0.00033999999999999997,0.9320700000000001,-0.03227,0.9517700000000001,-0.03431,0.9558399999999999,0.02446,0.94124,0.01766,0.92595,0.04688,0.9395399999999999,-0.01461,0.94837,0.020040000000000002,0.93784,0.013930000000000001,0.91406,0.07677,0.8947,0.06147999999999999,0.9398799999999999,0.03193,0.92489,0.025419999999999998,0.9212,0.02242,0.9245899999999999,0.00442,0.9269700000000001,-0.00577,1.0
111,1.0,0.0,0.8688899999999999,-0.07111,1.0,-0.02494,1.0,-0.06888999999999999,0.8777799999999999,0.0022199999999999998,0.8355600000000001,-0.06444,1.0,-0.07287,1.0,-0.2,0.8688899999999999,0.053329999999999995,0.88,-0.03778,1.0,-0.11525999999999999,1.0,-0.18667,0.84444,0.03556,1.0,-0.14162,0.8222200000000001,-0.14667,1.0,-0.15609,1.0,-0.44222,1.0
112,1.0,0.0,0.9511299999999999,0.00419,0.95183,-0.02723,0.9343799999999999,-0.0192,0.9459,0.016059999999999998,0.9651,0.03281,0.94171,0.0733,0.94625,-0.01326,0.97173,0.0014,0.94834,0.060379999999999996,0.9267,0.08412,0.93124,0.10087,0.9452,0.013609999999999999,0.93522,0.04925,0.9315899999999999,0.08167999999999999,0.94066,-0.00035,0.9148299999999999,0.04712,1.0
113,1.0,0.0,1.0,0.51515,0.45455,0.33333,0.060610000000000004,0.36364,-0.32104,0.7306199999999999,-0.45455,0.48485,-0.57576,0.0,-0.57576,-0.12120999999999998,-0.33333,-0.48485,-0.09091,-0.8484799999999999,0.48485,-0.57576,0.57576,-0.42423999999999995,1.0,-0.39394,0.7296100000000001,0.12330999999999999,0.9697,0.57576,0.24241999999999997,0.36364,0.09091,0.33333,1.0
114,1.0,0.0,0.8628399999999999,0.1931,0.8092,0.41148999999999997,0.67203,0.55785,0.5455899999999999,0.69962,0.36705,0.81533,0.19617,0.8567100000000001,-0.04061,0.8628399999999999,-0.17240999999999998,0.75785,-0.341,0.65747,-0.48199,0.56092,-0.6023,0.40996000000000005,-0.59234,0.25747,-0.63038,0.08818,-0.5724100000000001,-0.07816000000000001,-0.54866,-0.19923,-0.42912,-0.31954,1.0
115,1.0,0.0,-0.205,0.2875,0.23,0.1,0.2825,0.3175,0.3225,0.35,0.36285,-0.34617,0.0925,0.275,-0.095,0.21,-0.0875,0.235,-0.34187,0.31408,-0.48,-0.08,0.29908,0.33176,-0.58,-0.24,0.3219,-0.28475,-0.47,0.185,-0.27104,-0.31228,0.40445,0.0305,0.0
116,1.0,0.0,0.08696,0.00686,0.13959000000000002,-0.04119,0.10525999999999999,-0.08238,0.12586,-0.061779999999999995,0.23340999999999998,-0.01144,0.12357,0.0778,0.14645,-0.13501,0.29062,-0.04805,0.18993,0.07322999999999999,0.1167,0.0,0.11213,-0.00229,0.15103,-0.10297,0.08467000000000001,0.013730000000000001,0.11213,-0.06636,0.09611,-0.07322999999999999,0.1167,-0.06865,0.0
117,1.0,0.0,0.94653,0.28713,0.72554,0.67248,0.47563999999999995,0.82455,0.01267,0.8910899999999999,-0.24871,0.84475,-0.47644,0.56079,-0.75881,0.41743,-0.66455,0.07207999999999999,-0.6542600000000001,-0.19525,-0.52475,-0.44,-0.30851,-0.55089,-0.04119,-0.6479199999999999,0.16085,-0.5642,0.36751999999999996,-0.41901000000000005,0.46058999999999994,-0.22535,0.50376,-0.0598,1.0
118,0.0,0.0,0.0,0.0,-1.0,-1.0,1.0,1.0,-1.0,1.0,-1.0,1.0,1.0,-1.0,1.0,1.0,-1.0,-1.0,-1.0,1.0,1.0,-1.0,-1.0,1.0,-1.0,1.0,1.0,-1.0,-1.0,1.0,-1.0,-1.0,1.0,-1.0,0.0
119,1.0,0.0,0.8062699999999999,0.13069,0.73061,0.24323000000000003,0.64615,0.19038,0.36923,0.45577,0.44793,0.46438999999999997,0.25,0.57308,0.25192,0.37115,0.15215,0.51877,-0.09808,0.575,-0.03462,0.42885,-0.08856,0.44423999999999997,-0.14943,0.40005999999999997,-0.1994,0.34976,-0.23831999999999998,0.29541,-0.26634,0.23895999999999998,-0.23845999999999998,0.31154,1.0
120,1.0,0.0,1.0,0.040780000000000004,1.0,0.11982000000000001,1.0,0.16159,1.0,0.27921,0.98703,0.30889,0.92745,0.37639,0.9111799999999999,0.39749,0.81939,0.46058999999999994,0.7861899999999999,0.46993999999999997,0.794,0.56282,0.70331,0.58129,0.67077,0.59723,0.58903,0.6099,0.53952,0.60932,0.45311999999999997,0.63636,0.40442,0.62658,1.0
121,1.0,0.0,0.65909,-0.62879,0.0,0.0,0.0,0.0,0.77273,1.0,1.0,-0.2803,0.0,0.0,0.0,0.0,0.62121,-0.22726999999999997,0.84091,-1.0,1.0,-1.0,0.0,0.0,0.0,0.0,1.0,-0.93939,-0.12879000000000002,-0.9318200000000001,0.0,0.0,0.0,0.0,0.0
122,1.0,0.0,0.62335,-0.0349,0.59085,0.00481,0.60409,-0.07461,0.6317699999999999,0.00963,0.62455,-0.07461,0.67028,0.0722,0.62936,-0.08424,0.67509,0.09146,0.67148,0.0,0.58965,0.10107999999999999,0.5006,0.03129,0.65945,0.14079,0.60463,0.02019,0.51384,0.04452,0.61733,-0.00963,0.6137199999999999,-0.09146,1.0
123,1.0,0.0,0.38521,0.15564,0.41245,0.07393,0.26459,0.24125,0.23346,0.1323,0.19455,0.25292,0.24514,0.36965,0.08949,0.22956999999999997,-0.03891,0.36965,0.05058,0.24903000000000003,0.24903000000000003,0.09727999999999999,0.07782,0.29961,-0.02494,0.28481999999999996,-0.060239999999999995,0.26256,-0.14786,0.14786,-0.09339,0.31128,-0.19066,0.28794000000000003,0.0
124,1.0,0.0,0.94531,-0.035160000000000004,-1.0,-0.33203,-1.0,-0.01563,0.9726600000000001,0.01172,0.9335899999999999,-0.019530000000000002,-1.0,0.16405999999999998,-1.0,-0.00391,0.9531299999999999,-0.035160000000000004,0.9218799999999999,-0.027339999999999996,-0.99219,0.11719,-0.9335899999999999,0.34765999999999997,0.9570299999999999,-0.00391,0.8204100000000001,0.13758,0.9023399999999999,-0.06641,-1.0,-0.1875,-1.0,-0.34375,0.0
125,1.0,0.0,0.0,0.0,0.0,0.0,1.0,1.0,-1.0,-1.0,0.0,0.0,1.0,-0.11110999999999999,0.0,0.0,0.0,0.0,-1.0,1.0,1.0,1.0,1.0,-1.0,0.0,0.0,1.0,-1.0,0.0,0.0,0.0,0.0,1.0,1.0,0.0
126,1.0,0.0,0.02337,-0.00592,-0.09924,-0.11949000000000001,-0.00763,-0.11824000000000001,0.14706,0.06637,0.037860000000000005,-0.06302,0.0,0.0,-0.04572,-0.1554,-0.00343,-0.10196000000000001,-0.11575,-0.05414,0.01838,0.03669,0.01519,0.008879999999999999,0.03513,-0.01535,-0.0324,0.09222999999999999,-0.07859,0.00732,0.0,0.0,-0.00039,0.12011,0.0
127,1.0,0.0,0.97714,0.19049000000000002,0.82683,0.46258999999999995,0.7177100000000001,0.58732,0.47968,0.84278,0.31409000000000004,0.92643,0.10289000000000001,0.93945,-0.13254000000000002,0.8429,-0.3202,0.9162399999999999,-0.52145,0.79525,-0.68274,0.49508,-0.77408,0.33537,-0.8537600000000001,0.17849,-0.83314,-0.013580000000000002,-0.8236600000000001,-0.19321,-0.67289,-0.33662,-0.59943,-0.49700000000000005,1.0
128,1.0,0.0,0.42708,-0.5,0.0,0.0,0.0,0.0,0.46458,0.51042,0.58958,0.02083,0.0,0.0,0.0,0.0,0.16458,-0.45416999999999996,0.59167,-0.18333,0.0,0.0,0.0,0.0,0.9875,-0.40833,-1.0,-1.0,-0.27917,-0.75625,0.0,0.0,0.0,0.0,0.0
129,1.0,0.0,1.0,0.16801,0.9935200000000001,0.16334,0.94616,0.33347,0.91759,0.2261,0.9140799999999999,0.37106999999999996,0.8425,0.46898999999999996,0.81011,0.49225,0.78473,0.48311000000000004,0.65091,0.56977,0.56553,0.5807100000000001,0.55586,0.6472,0.48311000000000004,0.5523600000000001,0.43317,0.69129,0.35684,0.76147,0.33921,0.6684399999999999,0.22100999999999998,0.78685,1.0
130,1.0,0.0,1.0,0.67784,0.81309,0.82021,0.43018999999999996,1.0,0.20619,0.8054100000000001,-0.43872,1.0,-0.79135,0.7709199999999999,-1.0,0.40268000000000004,-0.39046,-0.58634,-0.9790700000000001,-0.42822,-0.73083,-0.76339,-0.37671,-0.97491,0.41366,-1.0,0.41778000000000004,-0.93296,0.25773,-1.0,0.9357,-0.35222,0.98816,0.034460000000000005,1.0
131,1.0,0.0,0.9800200000000001,0.00075,1.0,0.0,0.98982,-0.00075,0.94721,0.02394,0.977,0.0213,0.97888,0.03073,0.9917,0.02338,0.93929,0.05712999999999999,0.93552,0.05279,0.9773799999999999,0.05524,1.0,0.06241,0.94155,0.08107,0.96709,0.07255,0.95701,0.08088,0.9819,0.08126,0.9724700000000001,0.08616,1.0
132,1.0,0.0,0.9366899999999999,-0.0019,0.60761,0.43204,0.92314,-0.40129000000000004,0.9312299999999999,0.16827999999999999,0.9619700000000001,0.09061,0.9967600000000001,0.08172,0.91586,0.05097,0.8462799999999999,-0.25324,0.87379,-0.14482,0.8487100000000001,0.26133,0.7508100000000001,-0.036410000000000005,0.84547,-0.025889999999999996,0.8729299999999999,-0.02302,0.98544,0.09385,0.78317,-0.10194,0.85841,-0.14725,1.0
133,1.0,0.0,0.72414,-0.01084,0.79704,0.01084,0.8,0.00197,0.79015,0.01084,0.7842399999999999,-0.00985,0.8335,0.032510000000000004,0.8512299999999999,0.01675,0.80099,-0.00788,0.79113,-0.029560000000000003,0.75961,0.0335,0.74778,0.055170000000000004,0.72611,-0.014780000000000001,0.78041,0.0061200000000000004,0.7408899999999999,-0.05025,0.8295600000000001,0.029560000000000003,0.79015,0.00788,1.0
134,1.0,0.0,0.88241,0.30634,0.73232,0.57816,0.34109,0.58527,0.057170000000000006,1.0,-0.09237999999999999,0.9211799999999999,-0.62403,0.71996,-0.69767,0.32558000000000004,-0.8142199999999999,0.41195,-1.0,-0.00775,-0.78973,-0.41085,-0.7690100000000001,-0.45478,-0.5724199999999999,-0.67605,-0.3161,-0.81876,-0.029789999999999997,-0.86841,0.25392,-0.8212700000000001,0.0019399999999999999,-0.81686,1.0
135,1.0,0.0,0.8484299999999999,0.06794,0.80562,-0.02299,0.77031,-0.03299,0.66725,-0.0662,0.59582,-0.07666,0.6726,-0.057710000000000004,0.6426,-0.06437999999999999,0.39199,0.0453,0.71254,0.013940000000000001,0.5597,-0.08039,0.5343,-0.08453,0.47038,-0.22821999999999998,0.48658999999999997,-0.09128,0.52613,-0.08537,0.44277,-0.09621,0.42223,-0.09808,1.0
136,1.0,0.0,0.9230799999999999,0.15450999999999998,0.8639899999999999,0.29757,0.72582,0.3679,0.7058800000000001,0.5683,0.57449,0.6271899999999999,0.4327,0.7467600000000001,0.31705,0.67697,0.19128,0.76818,0.04686,0.76171,-0.12064000000000001,0.76969,-0.18479,0.71327,-0.29291,0.65708,-0.38798,0.58553,-0.46798999999999996,0.50131,-0.53146,0.40731999999999996,-0.5623100000000001,0.35095,1.0
137,1.0,0.0,1.0,1.0,0.36700000000000005,0.061579999999999996,0.12993,0.9271299999999999,-0.27586,0.93596,-0.31527,0.37685,-0.87192,0.36946,-0.9285700000000001,-0.08867,-0.38916,-0.34236,-0.46552,-0.8251200000000001,-0.054189999999999995,-0.93596,0.25616,-0.20443,0.73792,-0.4595,0.8547100000000001,-0.06831,1.0,1.0,0.3867,0.00246,0.17758,0.7979,1.0
138,1.0,0.0,-1.0,-1.0,1.0,1.0,1.0,-0.14375,0.0,0.0,-1.0,1.0,1.0,1.0,0.17917,-1.0,-1.0,-1.0,0.0875,-1.0,1.0,-1.0,-1.0,1.0,-1.0,-1.0,1.0,-1.0,-1.0,-1.0,1.0,1.0,0.0,0.0,0.0
139,1.0,0.0,1.0,0.23395,0.91404,0.52013,0.7802,0.72144,0.4766,0.8422200000000001,0.27639,0.9173,0.09467,0.8824799999999999,-0.2198,0.91404,-0.34168000000000004,0.75517,-0.5136,0.64527,-0.64527,0.44614,-0.74102,0.29162,-0.70838,0.035910000000000004,-0.71731,-0.11943,-0.64962,-0.28183,-0.51251,-0.44505,-0.37432,-0.5331899999999999,1.0
140,1.0,0.0,1.0,0.0738,1.0,0.0342,1.0,-0.05563,1.0,0.08764,1.0,0.19651,1.0,0.20328,1.0,0.12785,1.0,0.10561,1.0,0.27087,1.0,0.44758000000000003,1.0,0.4175,1.0,0.20033,1.0,0.36743000000000003,0.9560299999999999,0.48641,1.0,0.32492,1.0,0.46712,1.0
141,1.0,0.0,0.10135,0.10811,0.0,0.0,0.0,0.0,0.5473,0.82432,0.31081,1.0,0.0,0.0,0.0,0.0,0.37162,-1.0,0.33108000000000004,-1.0,0.0,0.0,0.0,0.0,-0.42568,-1.0,1.0,-1.0,0.55405,-0.23649,0.0,0.0,0.0,0.0,0.0
142,1.0,0.0,0.5894,-0.60927,0.8543,0.55298,0.81126,0.07285,0.56623,0.16225,0.32781,0.24172,0.50331,0.12252,0.63907,0.19868,0.71854,0.42715,0.54305,0.13907,0.65232,0.27815,0.68874,0.07285,0.51872,0.26653000000000004,0.49013,0.27687,0.46216,0.28574,0.43483999999999995,0.29324,0.40821,0.29941999999999996,1.0
143,1.0,0.0,1.0,-0.02401,0.9414,0.06531,0.92106,-0.23255,0.77152,-0.16399,0.52798,-0.20275,0.56409,-0.0071200000000000005,0.34395,-0.27457,0.5294,-0.2178,0.45106999999999997,-0.17812999999999998,0.059820000000000005,-0.35575,0.02309,-0.52879,0.03286,-0.65158,0.1329,-0.5320600000000001,0.02431,-0.62197,-0.05707,-0.59573,-0.04608,-0.6569699999999999,1.0
144,0.0,0.0,1.0,1.0,-1.0,-1.0,-1.0,-1.0,0.0,0.0,0.0,0.0,-1.0,-1.0,0.0,0.0,0.0,0.0,0.0,0.0,-1.0,1.0,1.0,1.0,0.0,0.0,1.0,-1.0,0.0,0.0,-1.0,-1.0,-1.0,-1.0,0.0
145,1.0,0.0,0.5984,0.40331999999999996,0.82809,0.80521,0.7600100000000001,0.70709,0.8401,-0.10984000000000001,0.97311,0.07981,0.95824,-0.8572700000000001,0.9196200000000001,0.88444,0.95452,-0.05206,0.8867299999999999,0.18135,0.9848399999999999,-0.69594,0.8667,-0.85755,0.28604,-0.30063,1.0,0.17076,0.62958,0.42677,0.8775700000000001,0.81007,0.81979,0.6882199999999999,0.0
146,1.0,0.0,1.0,0.5782,1.0,-1.0,1.0,-1.0,1.0,-1.0,1.0,-1.0,1.0,-1.0,1.0,-1.0,1.0,-1.0,1.0,-1.0,1.0,-0.6279600000000001,1.0,-1.0,1.0,-1.0,1.0,-1.0,1.0,-1.0,1.0,-1.0,1.0,-1.0,0.0
147,1.0,0.0,1.0,-1.0,1.0,1.0,1.0,-1.0,1.0,-1.0,1.0,-1.0,1.0,-0.0184,1.0,-1.0,1.0,1.0,1.0,-0.85583,1.0,1.0,1.0,-1.0,0.0,0.0,1.0,1.0,1.0,-0.7914100000000001,1.0,1.0,1.0,1.0,0.0
148,1.0,0.0,1.0,0.24168,1.0,0.4859,1.0,0.72973,1.0,1.0,1.0,1.0,1.0,1.0,1.0,0.77128,1.0,1.0,1.0,1.0,0.74468,1.0,0.8964700000000001,1.0,0.64628,1.0,0.38255,1.0,0.10819000000000001,1.0,-0.1737,1.0,-0.81383,1.0,1.0
149,1.0,0.0,1.0,0.06842999999999999,1.0,0.14211,1.0,0.22108000000000003,1.0,-0.125,1.0,0.39495,1.0,0.48981,1.0,0.58986,-0.375,1.0,1.0,0.0,1.0,0.92001,1.0,1.0,1.0,1.0,1.0,1.0,1.0,0.25,1.0,1.0,1.0,1.0,1.0
150,1.0,0.0,0.84177,0.4346,0.5,0.7616,0.09916,0.9346,-0.37764000000000003,0.8818600000000001,-0.72363,0.6118100000000001,-0.9388200000000001,0.19409,-0.8670899999999999,-0.25527,-0.62869,-0.65612,-0.25105,-0.85654,0.16245,-0.86498,0.51477,-0.66878,0.74895,-0.28903,0.77937,0.07933,0.64135,0.42827,0.31435,0.62447,-0.004220000000000001,0.69409,1.0
151,1.0,0.0,0.8956299999999999,0.37917,0.67311,0.69438,0.35916,0.8869600000000001,-0.04193,0.93345,-0.38875,0.84414,-0.67274,0.62078,-0.8268,0.30356,-0.8615,-0.05365,-0.73564,-0.34275,-0.51778,-0.62443,-0.23428000000000002,-0.73855,0.06911,-0.73856,0.33531,-0.6229600000000001,0.5241399999999999,-0.42086,0.61217,-0.17343,0.60073,0.0866,1.0
152,1.0,0.0,0.9397200000000001,0.28081999999999996,0.80486,0.5282100000000001,0.58167,0.73151,0.34961,0.80511,0.10797000000000001,0.9040299999999999,-0.20015,0.89335,-0.3973,0.82163,-0.58835,0.62867,-0.76305,0.40368000000000004,-0.81262,0.18888,-0.81317,-0.042839999999999996,-0.75273,-0.26883,-0.63237,-0.46438,-0.46421999999999997,-0.61446,-0.26389,-0.70835,-0.08937,-0.71273,1.0
153,0.0,0.0,0.0,0.0,0.0,0.0,0.0,0.0,0.0,0.0,0.0,0.0,0.0,0.0,0.0,0.0,0.0,0.0,0.0,0.0,0.0,0.0,0.0,0.0,0.0,0.0,1.0,-1.0,0.0,0.0,0.0,0.0,0.0,0.0,0.0
154,1.0,0.0,1.0,-0.0061200000000000004,1.0,-0.09834,1.0,-0.07649,1.0,-0.10605,1.0,-0.11073,1.0,-0.39489,1.0,-0.15616,0.92124,-0.31884,0.8647299999999999,-0.34534000000000004,0.9169299999999999,-0.44072,0.9606,-0.46866,0.8187399999999999,-0.40371999999999997,0.82681,-0.42231,0.75784,-0.38231,0.80448,-0.40575,0.74354,-0.45038999999999996,1.0
155,1.0,0.0,0.9287,0.33164,0.76168,0.62349,0.49305,0.8426600000000001,0.21591999999999997,0.9519299999999999,-0.13956,0.96167,-0.47202,0.8359,-0.7074699999999999,0.6549,-0.87474,0.3675,-0.91814,0.05595,-0.8982399999999999,-0.26173,-0.73969,-0.54069,-0.50757,-0.74735,-0.22323,-0.8612200000000001,0.0781,-0.87159,0.36021,-0.78057,0.59407,-0.6027,1.0
156,1.0,0.0,0.98455,-0.027360000000000002,0.9805799999999999,-0.04104,1.0,-0.07635,0.9872,0.01456,0.95278,-0.026039999999999997,0.985,-0.07458,0.99382,-0.07149,0.97396,-0.09532,0.97264,-0.12224000000000002,0.9929399999999999,-0.052520000000000004,0.95278,-0.08914,0.97352,-0.08341,0.9665299999999999,-0.12912,0.9346899999999999,-0.14916,0.9713200000000001,-0.15755,0.96778,-0.188,1.0
157,1.0,0.0,0.9224700000000001,-0.19448,0.96419,-0.17674,0.87024,-0.22601999999999997,0.81702,-0.2707,0.79271,-0.28909,0.70302,-0.49638999999999994,0.63338,-0.49967,0.37254,-0.70729,0.2707,-0.72109,0.40506,-0.54172,0.33509,-0.59691,0.1475,-0.6360100000000001,0.09312000000000001,-0.5958899999999999,-0.07162,-0.54928,-0.0184,-0.54074,-0.07457000000000001,-0.47898,1.0
158,1.0,0.0,1.0,0.16195,1.0,-0.05558,1.0,0.013730000000000001,1.0,-0.12352,1.0,-0.01511,1.0,-0.01731,1.0,-0.06373999999999999,1.0,-0.07157000000000001,1.0,0.059000000000000004,1.0,-0.10107999999999999,1.0,-0.02685,1.0,-0.22978,1.0,-0.06823,1.0,0.08299,1.0,-0.14194,1.0,-0.07439,1.0
159,0.0,0.0,1.0,-1.0,1.0,1.0,1.0,1.0,1.0,1.0,1.0,1.0,1.0,-1.0,1.0,-1.0,1.0,1.0,1.0,-1.0,1.0,1.0,1.0,1.0,1.0,-1.0,1.0,1.0,1.0,-1.0,1.0,1.0,1.0,-1.0,0.0
160,1.0,0.0,1.0,1.0,1.0,1.0,0.9101,1.0,-0.2697,1.0,-0.83152,1.0,-1.0,1.0,-1.0,0.72526,-1.0,-0.5777899999999999,-1.0,-0.42052,-1.0,-1.0,-0.5283800000000001,-1.0,0.9001399999999999,-1.0,1.0,-1.0,1.0,-1.0,1.0,-0.34686,1.0,0.34845,1.0
161,1.0,0.0,1.0,-0.45161,1.0,1.0,0.71216,-1.0,0.0,0.0,0.0,0.0,0.0,0.0,-1.0,0.14515999999999998,0.54094,-0.3933,-1.0,-0.54467,-0.69975,1.0,0.0,0.0,1.0,0.90695,0.51613,1.0,1.0,-0.20099,0.25682,1.0,-0.32382,1.0,0.0
162,1.0,0.0,1.0,-0.16316,1.0,-0.10169,0.9999899999999999,-0.15197,1.0,-0.19277,0.94055,-0.35151,0.95735,-0.29785,0.93719,-0.34412,0.94486,-0.28106,0.9013700000000001,-0.43383,0.8604299999999999,-0.47308,0.8298700000000001,-0.5122,0.8408,-0.47136999999999996,0.7622399999999999,-0.5837,0.65723,-0.68794,0.68714,-0.64537,0.64727,-0.6722600000000001,1.0
163,1.0,0.0,0.9449,-0.49311000000000005,1.0,-0.03692,0.98898,-0.8705200000000001,0.9008299999999999,0.66942,1.0,-0.10103999999999999,1.0,-0.12493,1.0,-0.15017,1.0,-0.17681,1.0,-0.20490999999999998,1.0,-0.23451999999999998,1.0,-0.26571,1.0,-0.29852,1.0,-0.33304,1.0,-0.36930999999999997,1.0,-0.4074,1.0,-0.44738999999999995,1.0
164,1.0,0.0,0.5,0.0,0.38695999999999997,0.10435,0.4913,0.06522,0.46957,-0.03913,0.35652,-0.12609,0.45652,0.047830000000000004,0.50435,0.02609,0.35652,0.19565,0.42173999999999995,0.14783,0.42173999999999995,-0.02609,0.32174,-0.11304000000000002,0.47391000000000005,-0.0087,0.41789,0.06907999999999999,0.38695999999999997,0.03913,0.35217,0.14783,0.44783,0.17390999999999998,1.0
165,1.0,0.0,0.72727,-0.05,0.89241,0.03462,1.0,0.72727,0.66364,-0.05909,0.48181999999999997,-0.16818,0.81809,0.09559,0.56818,1.0,0.50455,0.21818,0.66818,0.1,1.0,-0.3,0.98636,-1.0,0.5727300000000001,0.32727,0.56982,0.14673,0.42273,0.08182,0.48927,0.14643,1.0,1.0,0.0
166,1.0,0.0,1.0,-0.5421,1.0,-1.0,1.0,-1.0,1.0,0.36217,1.0,-0.41118999999999994,1.0,1.0,1.0,-1.0,1.0,-0.29354,1.0,-0.93599,1.0,1.0,1.0,1.0,1.0,-0.40888,1.0,-0.62745,1.0,-1.0,1.0,-1.0,1.0,-1.0,0.0
167,0.0,0.0,1.0,1.0,1.0,-1.0,0.0,0.0,0.0,0.0,-1.0,-1.0,0.0,0.0,0.0,0.0,-1.0,1.0,1.0,1.0,-1.0,1.0,-1.0,1.0,1.0,-1.0,1.0,1.0,-1.0,1.0,1.0,1.0,0.0,0.0,0.0
168,1.0,0.0,1.0,0.01105,1.0,0.01105,1.0,0.0232,0.9944799999999999,-0.01436,0.9944799999999999,-0.00221,0.9834299999999999,0.0232,1.0,0.00884,0.97569,0.00773,0.97901,0.016569999999999998,0.98011,0.00663,0.9812200000000001,0.02099,0.9712700000000001,-0.00663,0.9803299999999999,0.016,0.97901,0.01547,0.98564,0.02099,0.98674,0.02762,1.0
169,1.0,0.0,0.17188,-1.0,-1.0,1.0,0.0,0.0,0.0,0.0,-1.0,1.0,0.0,0.0,-0.61354,-0.67708,0.80521,0.36146,0.51979,0.14375,0.0,0.0,-1.0,-0.27083,-0.8479200000000001,0.9625,1.0,1.0,-1.0,0.67708,0.0,0.0,0.0,0.0,0.0
170,1.0,0.0,0.9093200000000001,0.08791,0.8652799999999999,0.16888,1.0,0.16598,0.55187,0.6815399999999999,0.70207,0.36719,0.16286,0.42738999999999994,0.5762,0.46086000000000005,0.51067,0.49618,0.31639,0.12967,0.37824,0.54462,0.31274,0.5582600000000001,0.24856,0.5652699999999999,0.18625999999999998,0.56605,0.12635,0.56101,0.06927,0.55061,0.12137,0.6773899999999999,1.0
171,1.0,0.0,0.50932,-0.93996,1.0,0.26708000000000004,-0.0352,-1.0,1.0,-1.0,0.43685,-1.0,0.0,0.0,-1.0,-0.34265,-0.37681,0.03623,1.0,-1.0,0.0,0.0,0.0,0.0,-0.16253,0.9223600000000001,0.39752,0.26500999999999997,0.0,0.0,1.0,0.23188000000000003,0.0,0.0,0.0
172,1.0,0.0,0.03852,0.02568,0.00428,0.0,0.019969999999999998,-0.019969999999999998,0.0214,-0.04993,-0.0485,-0.01284,0.01427,-0.02282,0.0,-0.03281,-0.047080000000000004,-0.02853,-0.01712,0.035660000000000004,0.0214,0.00428,0.05136,-0.02282,0.05136,0.01854,0.039939999999999996,0.01569,0.019969999999999998,0.00713,-0.02568,-0.01854,-0.01427,0.019969999999999998,0.0
173,0.0,0.0,1.0,1.0,1.0,-1.0,0.0,0.0,0.0,0.0,1.0,1.0,1.0,1.0,-1.0,-1.0,1.0,-1.0,-1.0,1.0,0.0,0.0,1.0,-1.0,1.0,-1.0,1.0,1.0,-1.0,-1.0,0.0,0.0,0.0,0.0,0.0
174,0.0,0.0,-1.0,-1.0,1.0,-1.0,-1.0,1.0,0.0,0.0,1.0,-1.0,1.0,-1.0,0.0,0.0,0.0,0.0,0.0,0.0,-1.0,1.0,1.0,-1.0,-1.0,1.0,1.0,1.0,0.0,0.0,1.0,0.5,0.0,0.0,0.0
175,1.0,0.0,0.60678,-0.02712,0.67119,0.04068,0.52881,-0.04407,0.50508,0.03729,0.70508,-0.07797,0.5796600000000001,-0.02034,0.5322,0.07797,0.64068,0.11864000000000001,0.5694899999999999,-0.02373,0.5322,0.00678,0.71525,-0.0339,0.52881,-0.0339,0.57262,0.0075,0.58644,-0.00339,0.58983,-0.02712,0.50169,0.0678,1.0
176,1.0,0.0,0.68148,0.1037,0.77037,0.03457,0.65185,0.08148,0.60988,-0.00494,0.7901199999999999,0.11852,0.59753,0.04938,0.62469,0.0963,0.78272,-0.17531,0.73827,-0.10864000000000001,0.48641999999999996,0.00988,0.60988,0.08148,0.66667,-0.1284,0.63773,-0.02451,0.76543,0.02222,0.61235,-0.0716,0.51358,-0.04691,1.0
177,1.0,0.0,0.74468,0.10638,0.8870600000000001,0.00982,0.8854200000000001,0.014709999999999999,0.87234,-0.014180000000000002,0.7305,0.10638,0.8765700000000001,0.02912,0.87235,0.033819999999999996,0.95745,0.07801,0.95035,0.04255,0.8559700000000001,0.04743,0.84931,0.05177999999999999,0.87234,0.11348,0.83429,0.06014,0.74468,-0.035460000000000005,0.8171,0.068,0.80774,0.07173,1.0
178,1.0,0.0,0.89589,0.39286,0.6612899999999999,0.71804,0.29521,0.9082399999999999,-0.047869999999999996,0.94415,-0.45725,0.84605,-0.7766,0.58511,-0.92819,0.25133,-0.9228200000000001,-0.15315,-0.76064,-0.48403999999999997,-0.50931,-0.76197,-0.14895,-0.8859100000000001,0.21581,-0.85703,0.5322899999999999,-0.68593,0.74846,-0.40656,0.83142,-0.07028999999999999,0.76862,0.27926,1.0
179,1.0,0.0,0.76046,0.010920000000000001,0.86335,0.0025800000000000003,0.85821,0.0038399999999999997,0.79988,0.02304,0.81504,0.12068,0.83096,0.00744,0.81815,0.00854,0.8277700000000001,-0.06974,0.76531,0.038810000000000004,0.76979,0.011479999999999999,0.75071,0.012320000000000001,0.7713800000000001,-0.00303,0.70886,0.01375,0.66161,0.008490000000000001,0.66298,0.01484,0.6388699999999999,0.01525,1.0
180,1.0,0.0,1.0,1.0,0.0,0.0,0.0,0.0,0.0,0.0,0.47744,-0.8909799999999999,-0.5150399999999999,0.45488999999999996,-0.95489,0.28570999999999996,0.64662,1.0,0.0,0.0,0.0,0.0,0.6203,0.20301,-1.0,-1.0,1.0,-1.0,1.0,1.0,0.0,0.0,0.0,0.0,0.0
181,1.0,0.0,0.97467,0.13082,0.9412,0.20035999999999998,0.8878299999999999,0.32248000000000004,0.8900899999999999,0.32711,0.8555,0.45216999999999996,0.7229800000000001,0.52284,0.6994600000000001,0.5882,0.58548,0.66893,0.48868999999999996,0.70398,0.44245,0.6815899999999999,0.35289,0.75622,0.26832,0.7621,0.16813,0.78541,0.07497000000000001,0.8043899999999999,-0.02962,0.7770199999999999,-0.10289000000000001,0.74242,1.0
182,1.0,0.0,1.0,0.08012999999999999,0.96775,-0.0048200000000000005,0.96683,-0.00722,0.8798,-0.03923,1.0,0.014190000000000001,0.96186,-0.01436,0.95947,-0.01671,0.9849700000000001,0.010020000000000001,0.9115200000000001,-0.08847999999999999,0.95016,-0.02364,0.9463600000000001,-0.025910000000000002,0.98164,0.020030000000000003,0.9377200000000001,-0.03034,1.0,-0.058429999999999996,0.92774,-0.03464,0.9222600000000001,-0.03673,1.0
183,1.0,0.0,0.6381600000000001,1.0,0.20833000000000002,-1.0,1.0,1.0,0.8771899999999999,0.30921,-0.66886,1.0,-0.059210000000000006,0.58772,0.01754,0.05044,-0.51535,-1.0,0.14254,-0.032889999999999996,0.32675,-0.4386,-1.0,1.0,0.80921,-1.0,1.0,-0.0614,1.0,1.0,0.20614000000000002,-1.0,1.0,1.0,0.0
184,1.0,0.0,0.94631,0.17498,0.90946,0.33143,0.85096,0.4996,0.73678,0.63842,0.59215,0.73838,0.48698,0.83614,0.30459,0.90665,0.17959,0.93429,-0.00701,0.93109,-0.1888,0.8938299999999999,-0.33023,0.8249200000000001,-0.46534,0.7648199999999999,-0.58563,0.66335,-0.67929,0.52564,-0.75321,0.42488000000000004,-0.8121,0.26092,1.0
185,1.0,0.0,0.5845899999999999,-0.35525999999999996,1.0,0.35338,0.75376,-0.00564,0.82519,0.19361,0.50188,-0.27631999999999995,0.65977,0.06391000000000001,0.6973699999999999,0.14662,0.72368,-0.42668999999999996,0.7612800000000001,0.045110000000000004,0.6691699999999999,0.20489000000000002,0.8477399999999999,-0.40976999999999997,0.6485,-0.04699,0.5683600000000001,-0.10570999999999998,0.5282,-0.13346,0.15602,-0.12218,0.44766999999999996,-0.10309000000000001,1.0
186,1.0,0.0,0.64122,0.01403,0.34146,-0.024390000000000002,0.52751,0.03466,0.19512000000000002,0.12195,0.43313,0.04755,0.21950999999999998,0.048780000000000004,0.29268,0.0,0.36585,0.0,0.31706999999999996,0.07317,0.26829000000000003,0.12195,0.23698000000000002,0.058129999999999994,0.21950999999999998,0.09756000000000001,0.19304000000000002,0.05641,0.1741,0.05504,0.19512000000000002,0.0,0.17073,0.07317,1.0
187,0.0,0.0,-1.0,1.0,-1.0,-1.0,0.0,0.0,-1.0,1.0,1.0,-1.0,-1.0,-1.0,-1.0,1.0,0.0,0.0,-1.0,-1.0,-1.0,1.0,0.0,0.0,1.0,-1.0,1.0,1.0,1.0,-1.0,1.0,1.0,0.0,0.0,0.0
188,1.0,0.0,1.0,-0.06182000000000001,1.0,0.029419999999999998,1.0,-0.05131,1.0,-0.01707,1.0,-0.11725999999999999,0.84493,-0.052020000000000004,0.9339200000000001,-0.06598,0.6917,-0.07379,0.6573100000000001,-0.20367000000000002,0.9491,-0.31558,0.80852,-0.31654,0.8493200000000001,-0.34838,0.72529,-0.29174,0.7309399999999999,-0.38576,0.54356,-0.26284,0.64207,-0.39487,1.0
189,1.0,0.0,0.99025,-0.05785,0.9979299999999999,-0.13009,0.9866299999999999,-0.1943,0.99374,-0.25843,0.92738,-0.3013,0.9265100000000001,-0.37965,0.89812,-0.43796,0.8492200000000001,-0.52064,0.8743299999999999,-0.57075,0.7901600000000001,-0.59839,0.74725,-0.64615,0.68282,-0.68479,0.65247,-0.73174,0.6101,-0.75353,0.54752,-0.80278,0.49195,-0.83245,1.0
190,1.0,0.0,1.0,-0.18829,0.93035,-0.36156,-0.10868,-0.9359700000000001,1.0,-0.045489999999999996,0.50874,-0.67743,0.34431999999999996,-0.69707,-0.51685,-0.97515,0.05499,-0.62237,0.33109,-1.0,-0.13151,-0.45299999999999996,-0.18056,-0.35734,-0.20332,-0.26569,-0.20468,-0.18400999999999998,-0.1904,-0.11592999999999999,-0.16626,-0.06287999999999999,-0.13738,-0.02447,0.0
191,1.0,0.0,0.0,0.0,0.0,0.0,0.0,0.0,-0.85,-1.0,0.0,0.0,1.0,-1.0,0.0,0.0,-1.0,-1.0,-1.0,-1.0,1.0,-1.0,-0.6,-1.0,1.0,1.0,-1.0,-0.2,1.0,-1.0,0.0,1.0,0.0,0.0,0.0
192,1.0,0.0,0.88116,0.27475,0.72125,0.42881,0.61559,0.63662,0.38825,0.90502,0.09831000000000001,0.9612799999999999,-0.20097,0.892,-0.35736999999999997,0.775,-0.6511399999999999,0.6221,-0.78768,0.45535,-0.8185600000000001,0.19095,-0.8394299999999999,-0.08079,-0.7833399999999999,-0.26356,-0.67557,-0.45511,-0.54732,-0.60858,-0.30512,-0.667,-0.19312,-0.75597,1.0
193,1.0,0.0,0.7408399999999999,0.04974,0.79074,0.02543,0.78575,0.03793,0.6623,0.09948,0.67801,0.31151999999999996,0.75934,0.07347999999999999,0.74695,0.08442000000000001,0.70681,-0.07852999999999999,0.63613,0.0,0.70021,0.11355,0.68183,0.12185,0.6701600000000001,0.15445,0.64158,0.13608,0.6570699999999999,0.17539000000000002,0.59759,0.14697000000000002,0.57455,0.15114,1.0
194,1.0,0.0,1.0,-0.08183,1.0,-0.11325999999999999,0.99246,-0.29802,1.0,-0.33075,0.96662,-0.34281,0.85788,-0.47265,0.91904,-0.4817,0.7308399999999999,-0.6522399999999999,0.6813100000000001,-0.63544,0.8245,-0.7831600000000001,0.58829,-0.74785,0.67033,-0.96296,0.48757,-0.85669,0.37940999999999997,-0.83893,0.24117,-0.88846,0.29220999999999997,-0.8962100000000001,1.0
195,1.0,0.0,0.74449,-0.0239,0.70772,0.033089999999999994,0.72243,0.16912,0.79228,0.07721,0.81434,0.43933999999999995,0.6378699999999999,0.00551,0.70772,0.21691,1.0,0.060660000000000006,0.61029,0.05147,0.6746300000000001,0.04228,0.52022,-0.25,0.72978,-0.15809,0.61727,0.07124,0.30882,0.0864,0.55916,0.07458,0.6029399999999999,0.21691,1.0
196,1.0,0.0,0.79157,0.16851,0.0,0.0,0.5654100000000001,0.06874,0.39468000000000003,1.0,0.38359,0.9955700000000001,-0.024390000000000002,0.53215,0.23725,0.1286,-0.02661,0.9512200000000001,-0.50998,0.8492200000000001,-0.102,0.38803000000000004,-0.42572,0.23725,-0.91574,0.8071,-0.34146,0.8824799999999999,-1.0,0.69401,-1.0,0.1286,0.0,0.0,0.0
197,1.0,0.0,0.39394,-0.24241999999999997,0.62655,0.0127,0.45455,0.09091,0.63636,0.09091,0.21211999999999998,-0.21211999999999998,0.57576,0.15152000000000002,0.39394,0.0,0.5615600000000001,0.045610000000000005,0.51515,0.0303,0.78788,0.18182,0.30303,-0.15152000000000002,0.48526,0.059289999999999995,0.46362,0.06142,0.33333,-0.0303,0.41856000000000004,0.0641,0.39394,0.24241999999999997,1.0
198,1.0,0.0,0.9011600000000001,0.16607,0.79299,0.37379,0.7299,0.50515,0.5978399999999999,0.72997,0.44303000000000003,0.81152,0.24411999999999998,0.8749299999999999,0.06437999999999999,0.8503799999999999,-0.12611,0.8739600000000001,-0.28739000000000003,0.7961699999999999,-0.46635,0.6592399999999999,-0.57135,0.53805,-0.6815899999999999,0.39951,-0.71844,0.25835,-0.7236899999999999,0.11218,-0.71475,-0.05525,-0.67699,-0.19904000000000002,1.0
199,1.0,0.0,0.51207,1.0,1.0,0.5381,0.71178,0.80833,0.45621999999999996,0.46426999999999996,0.33081,1.0,0.21249,1.0,-0.17415999999999998,1.0,-0.33081,0.9872200000000001,-0.61382,1.0,-0.52674,0.71699,-0.885,0.47894,-1.0,0.35175,-1.0,0.09569,-1.0,-0.16713,-1.0,-0.42226,-0.9190299999999999,-0.65557,1.0
200,0.0,0.0,-1.0,1.0,1.0,1.0,0.0,0.0,1.0,-1.0,1.0,-1.0,1.0,-1.0,-1.0,-1.0,0.0,0.0,-1.0,-1.0,0.0,0.0,0.0,0.0,-1.0,-1.0,1.0,-1.0,1.0,1.0,-1.0,-1.0,0.0,0.0,0.0
201,1.0,0.0,1.0,0.035289999999999995,1.0,0.18281,1.0,0.26968000000000003,1.0,0.25068,1.0,0.28778000000000004,1.0,0.38643,1.0,0.31674,1.0,0.65701,1.0,0.53846,1.0,0.6126699999999999,1.0,0.5945699999999999,0.8959299999999999,0.6832600000000001,0.89502,0.7137399999999999,0.85611,0.6714899999999999,0.7438899999999999,0.85611,0.7149300000000001,0.75837,1.0
202,1.0,0.0,0.0,0.0,1.0,0.5172399999999999,0.0,0.0,0.10991,-1.0,0.0,0.0,0.0,0.0,-1.0,-0.22414,-0.55711,-0.8329700000000001,0.7694,0.63147,0.0,0.0,0.5344800000000001,0.35668,-0.90302,0.44828,1.0,-1.0,-1.0,0.8157300000000001,0.0,0.0,0.0,0.0,0.0
203,1.0,0.0,-0.006409999999999999,-0.5,0.0,0.0,-0.01923,1.0,0.0,0.0,0.0,0.0,0.0,0.0,0.0,0.0,0.0,0.0,0.3141,0.9294899999999999,-0.35256,0.74359,-0.34615,-0.80769,0.0,0.0,-0.61538,-0.5128199999999999,0.0,0.0,0.0,0.0,0.0,0.0,0.0
204,0.0,0.0,1.0,-1.0,1.0,1.0,1.0,1.0,1.0,1.0,1.0,1.0,1.0,-1.0,1.0,1.0,1.0,1.0,1.0,-1.0,1.0,-1.0,1.0,-1.0,1.0,-1.0,1.0,1.0,1.0,-1.0,1.0,1.0,1.0,1.0,0.0
205,1.0,0.0,0.90374,-0.016040000000000002,1.0,0.08021,1.0,0.016040000000000002,0.93048,0.00535,0.9358299999999999,-0.016040000000000002,1.0,0.0,1.0,0.06417,1.0,0.04813,0.9144399999999999,0.04278,0.96791,0.02139,0.9893,-0.016040000000000002,0.96257,0.05347999999999999,0.9697399999999999,0.04452,0.8770100000000001,0.0107,1.0,0.09091,0.9786100000000001,0.06417,1.0
206,1.0,0.0,0.62745,-0.07843,0.72549,0.0,0.6078399999999999,-0.07843,0.62745,-0.11765,0.6862699999999999,-0.11765,0.66667,-0.13725,0.6470600000000001,-0.09804,0.54902,-0.11765,0.54902,-0.21569000000000002,0.58824,-0.19608,0.66667,-0.23529,0.45098,-0.2549,0.52409,-0.24668,0.56863,-0.31373,0.43137,-0.21569000000000002,0.47058999999999995,-0.27451,0.0
207,1.0,0.0,1.0,0.24076999999999998,0.99815,0.0036899999999999997,0.8024399999999999,-0.30133000000000004,0.8991899999999999,-0.23485999999999999,0.70643,-0.24076999999999998,0.73855,-0.30539,0.71492,-0.36078000000000005,0.47193999999999997,-0.6118899999999999,0.40473000000000003,-0.5505899999999999,0.61041,-0.39328,0.53176,-0.32681,0.23965999999999998,-0.52142,0.29208,-0.4839,0.12777,-0.39143,0.15657000000000001,-0.5132899999999999,0.18353,-0.46603,1.0
208,1.0,0.0,1.0,1.0,1.0,-1.0,0.0,0.0,0.0,0.0,1.0,1.0,1.0,-1.0,1.0,1.0,1.0,-1.0,0.0,0.0,0.0,0.0,1.0,-0.27778,0.0,0.0,1.0,-1.0,1.0,1.0,1.0,-1.0,0.0,0.0,0.0
209,1.0,0.0,0.9555899999999999,-0.00155,0.86421,-0.13244,0.9498200000000001,-0.00461,0.82809,-0.51171,0.9244100000000001,0.10368,1.0,-0.14247,0.99264,-0.025419999999999998,0.9585299999999999,-0.15517999999999998,0.8401299999999999,0.61739,1.0,-0.16321,0.87492,-0.08495,0.85741,-0.016640000000000002,0.8413200000000001,-0.01769,0.8242700000000001,-0.01867,0.80634,-0.01957,0.78761,-0.020390000000000002,1.0
210,1.0,0.0,0.9060799999999999,-0.016569999999999998,0.9812200000000001,-0.01989,0.95691,-0.03646,0.85746,0.0011,0.8972399999999999,-0.03315,0.89061,-0.01436,0.9060799999999999,-0.0453,0.91381,-0.00884,0.8077300000000001,-0.12928,0.8872899999999999,0.01215,0.92155,-0.0232,0.9105,-0.02099,0.8914700000000001,-0.0776,0.82983,-0.17238,0.9602200000000001,-0.03757,0.87403,-0.16243,1.0
211,1.0,0.0,0.8941,0.13425,0.8700100000000001,0.31543000000000004,0.78896,0.43388000000000004,0.63388,0.59975,0.54003,0.71016,0.39699,0.76161,0.24266,0.79523,0.09134,0.79598,-0.09158999999999999,0.76261,-0.20201,0.6692600000000001,-0.30263,0.6261,-0.40552,0.50489,-0.46215,0.40753,-0.5031399999999999,0.27252,-0.52823,0.19172,-0.48808,0.05972,1.0
212,0.0,0.0,0.0,0.0,-1.0,1.0,1.0,1.0,-1.0,-1.0,0.0,0.0,-1.0,-1.0,-1.0,-0.3125,-1.0,-1.0,1.0,-1.0,1.0,-1.0,0.0,0.0,1.0,-1.0,-1.0,-1.0,0.0,0.0,1.0,-1.0,0.0,0.0,0.0
213,1.0,0.0,0.39179,-0.06343,0.97464,0.04328,1.0,1.0,0.35821,0.15299000000000001,0.54478,0.1306,0.6156699999999999,-0.8209,0.57836,0.6791,0.66791,-0.10447999999999999,0.46642,-0.11567000000000001,0.65574,0.14792,0.83209,0.45521999999999996,0.47015,0.16418,0.49309,0.1463,0.32463000000000003,-0.026119999999999997,0.39118,0.13521,0.34410999999999997,0.12755,0.0
214,1.0,0.0,0.7381,0.8333299999999999,-0.7619,-0.2381,0.33333,-0.14286,0.45238,-0.14286,-0.67285,0.12808,0.33333,0.0,0.28570999999999996,-0.07143,-0.38214000000000004,0.51163,0.2381,0.023809999999999998,0.45238,0.047619999999999996,0.16667,-0.2619,-0.57255,-0.10234,0.24889,-0.51079,1.0,0.0,-0.66667,-0.047619999999999996,0.2619,0.023809999999999998,0.0
215,1.0,0.0,0.83367,0.31456,0.65541,0.5767100000000001,0.34962,0.70677,0.17293,0.78947,-0.18975999999999998,0.79886,-0.41728999999999994,0.6654100000000001,-0.68421,0.47744,-0.74725,0.19492,-0.7218,-0.04887,-0.6203,-0.28195,-0.49165,-0.53463,-0.26577,-0.66014,-0.0153,-0.69706,0.22708000000000003,-0.64428,0.431,-0.5120600000000001,0.64662,-0.30075,1.0
216,1.0,0.0,0.90071,0.017730000000000003,1.0,-0.017730000000000003,0.90071,0.007090000000000001,0.84752,0.05674,1.0,0.035460000000000005,0.97872,0.01064,0.9751799999999999,0.035460000000000005,1.0,-0.03191,0.8971600000000001,-0.03191,0.8617,0.07801,1.0,0.0922,0.90071,0.0461,0.94305,0.03247,0.94681,0.02482,1.0,0.01064,0.9361700000000001,0.02128,1.0
217,1.0,0.0,0.7087,-0.24783000000000002,0.64348,0.04348,0.45216999999999996,0.38261,0.65217,0.18261,0.5,0.26957,0.57826,-0.23043000000000002,0.50435,0.37826,0.38695999999999997,-0.42608999999999997,0.36086999999999997,-0.26087,0.26957,0.11739000000000001,0.53246,-0.03845,0.31304,-0.12174000000000001,0.4993,-0.04264,0.48348,-0.04448,0.64348,-0.25217,0.50435,0.14783,1.0
218,1.0,0.0,0.68198,-0.17314000000000002,0.82332,0.21908000000000002,0.46643,0.32861999999999997,0.25795,0.58304,1.0,-0.15194000000000002,0.0106,0.44523,0.0106,0.38869000000000004,0.18681,0.41168000000000005,0.10567,0.36353,0.04325,0.30745,-0.0008300000000000001,0.24936,-0.02862,0.19405,-0.04314,0.14481,-0.04779,0.10349000000000001,-0.04585,0.07064,-0.04013,0.045860000000000005,0.0
219,1.0,0.0,1.0,0.11385,0.70019,-0.12144,0.81594,0.09677000000000001,0.71157,0.01139,0.56167,-0.0778,0.6907,0.12524000000000002,0.58634,0.03985,0.5313100000000001,-0.03416,0.6945,0.16888,0.7267600000000001,0.07211000000000001,0.32068,0.058820000000000004,0.5332100000000001,0.37381,0.4909,0.17951,0.1518,0.32448,0.44141,0.18897,0.56167,0.1518,1.0
220,1.0,0.0,0.43636,-0.12727,0.58182,-0.14545,0.18182,-0.67273,0.34545,-0.03636,0.29091,-0.05455,0.29091,0.29091,0.36364,-0.41818,0.2,-0.01818,0.36364,0.05455,0.12727,0.49091,0.6181800000000001,0.16364,0.32727,0.16364,0.41098,-0.07027,0.34545,-0.05455,0.12727,-0.36364,0.29091,-0.29091,0.0
221,1.0,0.0,0.8471299999999999,-0.03397,0.8641200000000001,-0.08492999999999999,0.81953,0.0,0.73673,-0.07643,0.71975,-0.13588,0.74947,-0.11677,0.77495,-0.18684,0.78132,-0.21231,0.6199600000000001,-0.10191,0.79193,-0.15711,0.89384,-0.03397,0.84926,-0.26115,0.74115,-0.23312,0.66242,-0.22293000000000002,0.72611,-0.37792,0.65817,-0.24841,1.0
222,1.0,0.0,1.0,0.058120000000000005,0.94525,0.07418,0.9995200000000001,0.13230999999999998,1.0,-0.01911,0.9484600000000001,0.07032999999999999,0.9571299999999999,0.14644000000000001,0.94862,0.11224,0.90896,0.20119,0.96741,0.16265,0.99695,0.14257999999999998,0.90784,0.1641,0.9166700000000001,0.22430999999999998,0.88423,0.23571,0.8856799999999999,0.22511,0.7832399999999999,0.29575999999999997,0.8357399999999999,0.31166,1.0
223,1.0,0.0,0.61538,0.18923,0.78157,0.0178,0.77486,0.02647,0.65077,-0.10307999999999999,0.7753800000000001,0.08,0.73961,0.0506,0.72322,0.05776,0.68615,-0.08922999999999999,0.61692,0.16308,0.66233,0.07572999999999999,0.63878,0.08041,0.60154,-0.07231,0.58803,0.08767,0.55077,0.25692,0.53389,0.09207,0.5060899999999999,0.09322000000000001,1.0
224,1.0,0.0,0.9243600000000001,0.36924,0.7197600000000001,0.6842,0.29303,0.94078,-0.11108,0.76527,-0.31605,0.92453,-0.6661600000000001,0.78766,-0.92145,0.42313999999999996,-0.94315,0.09585,-1.0,0.03191,-0.6643100000000001,-0.66278,-0.4601,-0.78174,-0.13485999999999998,-0.88082,0.19765,-0.8513700000000001,0.48904,-0.7024699999999999,0.69886,-0.46048,0.76066,-0.13194,1.0
225,1.0,0.0,-0.64286,-1.0,1.0,0.82857,1.0,-1.0,1.0,-0.23393000000000003,1.0,0.9616100000000001,1.0,-0.37679,1.0,-1.0,1.0,0.13839,1.0,-1.0,1.0,-0.03393,-0.84286,1.0,0.5375,0.85714,1.0,1.0,1.0,-1.0,1.0,-1.0,1.0,-1.0,0.0
226,1.0,0.0,0.0,0.0,0.0,0.0,0.0,0.0,0.0,0.0,0.62195,1.0,0.0,0.0,0.0,0.0,0.36585,-0.71951,0.56098,-1.0,0.0,0.0,0.0,0.0,0.0,0.0,1.0,0.10976,0.0,0.0,0.0,0.0,0.0,0.0,0.0
227,1.0,0.0,0.71521,-0.00647,0.66667,-0.042069999999999996,0.63107,-0.05177999999999999,0.77994,0.08091,0.67314,0.09709,0.64725,0.15858,0.6019399999999999,-0.01942,0.54369,-0.04531,0.46926,-0.10032,0.64725,0.14887,0.39159,0.21683000000000002,0.52427,-0.055020000000000006,0.45105,0.0004,0.31392,-0.06796,0.49191,-0.1068,0.30421,-0.05177999999999999,1.0
228,1.0,0.0,0.8378899999999999,0.42904,0.72113,0.58385,0.45625,0.78115,0.1647,0.82732,-0.13012,0.8694700000000001,-0.46176999999999996,0.78497,-0.59435,0.5207,-0.7847,0.26529,-0.84014,0.03928,-0.62041,-0.31351,-0.47412,-0.48905,-0.37298000000000003,-0.67796,-0.050539999999999995,-0.6269100000000001,0.1469,-0.45911,0.37093000000000004,-0.39166999999999996,0.48318999999999995,-0.24313,1.0
229,1.0,0.0,1.0,0.02461,0.99672,0.04861,0.97545,0.07143,0.61745,-1.0,0.9103600000000001,0.11147,0.8846200000000001,0.5364,0.8207700000000001,0.14137,0.7692899999999999,0.15189,1.0,0.41003,0.6585,0.16371,0.60138,0.16516,0.54446,0.1639,0.48867,0.16019,0.43481000000000003,0.15436,0.38351999999999997,0.14677,1.0,1.0,0.0
230,1.0,0.0,0.9565899999999999,0.08143,0.9748700000000001,-0.056670000000000005,0.97165,-0.08484,0.9609700000000001,-0.06561,0.9471700000000001,0.012790000000000001,0.95436,-0.16795,0.9461200000000001,-0.19497,0.9963,-0.32268,0.90343,-0.35902,0.91428,-0.27316,0.9014,-0.29807,0.9989899999999999,-0.40747,0.87244,-0.34586,0.9205899999999999,-0.30619,0.8395100000000001,-0.39061,0.8216600000000001,-0.41173000000000004,1.0
231,1.0,0.0,0.94052,-0.015309999999999999,0.9417,0.01001,0.94994,-0.014719999999999999,0.95878,-0.0106,0.9464100000000001,-0.0371,0.97173,-0.017669999999999998,0.97055,-0.03887,0.95465,-0.040639999999999996,0.9523,-0.04711,0.94229,-0.02179,0.92815,-0.04417,0.9204899999999999,-0.04476,0.92695,-0.05827,0.9034200000000001,-0.07479,0.91991,-0.07244,0.9204899999999999,-0.0742,1.0
232,1.0,0.0,0.9693299999999999,0.008759999999999999,1.0,0.00843,0.9865799999999999,-0.00763,0.9786799999999999,-0.028439999999999997,0.9982,-0.0351,1.0,-0.012709999999999999,1.0,-0.025810000000000003,1.0,-0.01175,0.98485,0.00025,1.0,-0.026119999999999997,1.0,-0.047439999999999996,0.96019,-0.04527,0.9918799999999999,-0.034730000000000004,0.9702,-0.02478,1.0,-0.03855,0.9842,-0.04112,1.0
233,1.0,0.0,0.59887,0.14689000000000002,0.69868,-0.13935999999999998,0.8512200000000001,-0.13935999999999998,0.80979,0.024480000000000002,0.50471,0.02825,0.6742,-0.0452,0.80791,-0.13748,0.51412,-0.24481999999999998,0.8154399999999999,-0.14313,0.70245,-0.0037700000000000003,0.33333,0.06215,0.56121,-0.33145,0.61444,-0.16837,0.5273100000000001,-0.02072,0.53861,-0.31262,0.6742,-0.22034,1.0
234,0.0,0.0,-1.0,-1.0,1.0,1.0,1.0,-1.0,-1.0,1.0,1.0,-1.0,-1.0,-1.0,0.0,0.0,1.0,1.0,-1.0,-1.0,1.0,-1.0,1.0,-1.0,1.0,1.0,1.0,-1.0,1.0,-1.0,-1.0,1.0,1.0,-1.0,0.0
235,1.0,0.0,-1.0,-1.0,-0.50694,1.0,1.0,-1.0,1.0,0.53819,0.0,0.0,0.23958000000000002,-1.0,1.0,1.0,0.0,0.0,1.0,1.0,1.0,1.0,0.0,0.0,-0.71528,1.0,0.33333,-1.0,1.0,-1.0,0.69792,-1.0,0.47568999999999995,1.0,0.0
236,1.0,0.0,1.0,1.0,1.0,0.5125,0.625,-1.0,1.0,1.0,0.025,0.03125,1.0,1.0,0.0,0.0,1.0,-1.0,1.0,1.0,1.0,1.0,0.3125,1.0,1.0,1.0,1.0,1.0,1.0,1.0,-0.94375,1.0,0.0,0.0,0.0
237,1.0,0.0,0.058660000000000004,-0.00838,0.06704,0.00838,0.0,-0.011170000000000001,0.0055899999999999995,-0.03911,0.01676,-0.07542,-0.0055899999999999995,0.053070000000000006,0.06425,-0.03352,0.0,0.09497,-0.06425,0.07542,-0.04749,0.02514,0.02793,-0.0055899999999999995,0.00838,0.0055899999999999995,0.10335,-0.00838,0.03073,-0.00279,0.04469,0.0,0.04749,-0.03352,0.0
238,1.0,0.0,0.81143,0.03714,0.8514299999999999,-0.00143,0.79,0.0071400000000000005,0.79571,-0.04286,0.87571,0.0,0.8557100000000001,-0.06713999999999999,0.86429,0.00286,0.82857,-0.05429,0.81,-0.11857000000000001,0.76857,-0.08429,0.84286,-0.05,0.77,-0.06857,0.81598,-0.08669,0.82571,-0.10429000000000001,0.81429,-0.05,0.8214299999999999,-0.15143,1.0
239,1.0,0.0,1.0,0.09091,0.95455,-0.09091,0.77273,0.0,1.0,0.0,0.95455,0.0,1.0,0.04545,0.90909,-0.04545,1.0,0.0,1.0,0.0,0.86364,0.09091,0.77273,0.09091,0.90909,0.04545,0.9154100000000001,0.02897,0.95455,0.09091,0.86364,-0.09091,0.86364,0.04545,1.0
240,1.0,0.0,0.88208,-0.14639000000000002,0.9340799999999999,-0.11057,0.9209999999999999,-0.1645,0.88307,-0.17035999999999998,0.8846200000000001,-0.31809,0.85269,-0.31463,0.82116,-0.35924,0.80681,-0.33632,0.75243,-0.47021999999999997,0.70555,-0.47153,0.6615,-0.50085,0.61297,-0.48086,0.56804,-0.5462899999999999,0.50179,-0.59854,0.47075,-0.57377,0.42189,-0.58086,1.0
241,1.0,0.0,0.71253,-0.02595,0.41286999999999996,-0.23067,0.98019,-0.09473,0.9970899999999999,-0.10236,1.0,-0.10951,0.58965,1.0,0.83726,-1.0,0.8227,-0.17862999999999998,0.8076,-0.28257,-0.25914,0.9273,0.5193300000000001,0.054560000000000004,0.65493,-0.20392000000000002,0.93124,-0.41307,0.6381100000000001,-0.21900999999999998,0.86136,-0.87354,-0.23185999999999998,-1.0,0.0
242,1.0,0.0,0.0,0.0,-0.33671999999999996,0.85388,0.0,0.0,0.6886899999999999,-1.0,0.97078,0.31385,-0.26048000000000004,-0.59212,-0.30241,0.65565,0.94155,0.16391,0.0,0.0,0.0,0.0,-0.18043,-1.0,0.0,0.0,1.0,-1.0,0.0,0.0,0.044469999999999996,0.6188100000000001,0.0,0.0,0.0
243,1.0,0.0,1.0,1.0,0.0,0.0,1.0,-1.0,-1.0,-1.0,1.0,1.0,1.0,-1.0,0.0,0.0,1.0,-1.0,1.0,1.0,0.0,0.0,1.0,-1.0,-1.0,-1.0,1.0,1.0,-1.0,1.0,-1.0,1.0,0.0,0.0,0.0
244,1.0,0.0,0.9054700000000001,0.41113,0.65354,0.74761,0.29921,0.95905,-0.13342,0.9782,-0.52236,0.83263,-0.79657,0.55086,-0.96631,0.15192,-0.93001,-0.25554,-0.71863,-0.5937899999999999,-0.41546000000000005,-0.85205,-0.0225,-0.9378799999999999,0.36318,-0.8536799999999999,0.67538,-0.61959,0.85977,-0.28123000000000004,0.88654,0.098,0.75495,0.46301000000000003,1.0
245,1.0,0.0,0.74916,0.025490000000000002,0.9899399999999999,0.09792000000000001,0.75855,0.12877,0.7431300000000001,-0.09187999999999999,0.95842,0.02482,0.97921,-0.00469,0.9611,0.10195,0.9148200000000001,0.03756,0.71026,0.02683,0.81221,-0.08048,1.0,0.0,0.71764,-0.01207,0.82271,0.025519999999999998,0.72435,-0.01073,0.90409,0.11066,0.72837,0.0275,1.0
246,1.0,0.0,0.7479,0.0084,0.8331200000000001,0.01659,0.8263799999999999,0.02469,0.86555,0.01681,0.6050399999999999,0.058820000000000004,0.79093,0.047310000000000005,0.77441,0.05407000000000001,0.6470600000000001,0.19328,0.84034,0.04202,0.71285,0.07122,0.68895,0.07577,0.66387,0.08403,0.6372800000000001,0.08296,0.61345,0.01681,0.58187,0.08757000000000001,0.5533,0.08891,1.0
247,1.0,0.0,0.8527100000000001,0.05426,1.0,0.08069,1.0,1.0,0.9147299999999999,-0.00775,0.83721,0.03876,1.0,0.27153,1.0,1.0,0.81395,0.04651,0.9069799999999999,0.11628,1.0,0.5067,1.0,-1.0,0.8062,0.03876,1.0,0.71613,0.84496,0.06977,1.0,0.8731700000000001,1.0,1.0,0.0
248,1.0,0.0,0.83609,0.13215,0.7217100000000001,0.06059,0.6582899999999999,0.08315,0.23888,0.12961,0.43837,0.2033,0.49418,0.12686,0.44747,0.13507,0.29352,0.02922,0.48158,0.15755999999999998,0.32835,0.14615999999999998,0.29495,0.14637999999999998,0.26436,0.1453,0.23640999999999998,0.14314000000000002,0.26429,0.16137,0.18767,0.13632,0.16655,0.13198,1.0
249,1.0,0.0,0.8350799999999999,0.08298,0.73739,-0.14706,0.84349,-0.055670000000000004,0.90441,-0.04622,0.89391,0.1313,0.81197,0.06723,0.7930699999999999,-0.08929,1.0,-0.02101,0.96639,0.06617999999999999,0.87605,0.01155,0.7752100000000001,0.06617999999999999,0.95378,-0.04202,0.8347899999999999,0.00123,1.0,0.12815,0.8666,-0.10714000000000001,0.90546,-0.04307,1.0
250,1.0,0.0,0.1859,-0.16667,0.0,0.0,0.0,0.0,0.0,0.0,0.0,0.0,0.11538,-0.19071,0.0,0.0,0.0,0.0,0.0,0.0,0.0,0.0,-0.05127999999999999,-0.06571,0.07852999999999999,0.08974,0.17307999999999998,-0.10897000000000001,0.125,0.09615,0.025639999999999996,-0.04808,0.16827,0.19551,0.0
251,1.0,0.0,1.0,-1.0,0.0,0.0,0.77941,-0.99265,0.80882,0.55147,-0.41912,-0.9485299999999999,0.0,0.0,0.0,0.0,0.72059,-0.7720600000000001,0.73529,-0.6029399999999999,0.0,0.0,0.18382,-1.0,-1.0,-1.0,-1.0,-1.0,1.0,-1.0,1.0,-1.0,0.0,0.0,0.0
252,1.0,0.0,0.36876,-1.0,-1.0,-1.0,-0.07661,1.0,1.0,0.9504100000000001,0.74597,-0.3871,-1.0,-0.79313,-0.09677000000000001,1.0,0.48683999999999994,0.46502,0.31755,-0.27460999999999997,-0.14343,-0.20188,-0.11975999999999999,0.06895,0.03021,0.06639,0.03443,-0.011859999999999999,-0.00403,-0.01672,-0.00761,0.00108,0.00015,0.00325,0.0
253,1.0,0.0,0.0,0.0,1.0,0.12889,0.88444,-0.02,0.0,0.0,1.0,-0.42444,1.0,0.19555999999999998,1.0,-0.053329999999999995,1.0,-0.8155600000000001,0.0,0.0,1.0,-0.04,1.0,-0.18667,0.0,0.0,1.0,-1.0,0.0,0.0,1.0,0.11778,0.9066700000000001,-0.09556,0.0
254,1.0,0.0,1.0,-0.14754,1.0,0.04918,0.57377,-0.016390000000000002,0.65574,0.016390000000000002,0.85246,-0.03279,0.72131,0.0,0.68852,-0.16393,0.19672,-0.14754,0.65558,-0.17176,0.67213,0.03279,1.0,-0.29508,0.31148000000000003,-0.34426,0.52385,-0.20325,0.32787,-0.03279,0.27869,-0.44261999999999996,0.4918,-0.06557,0.0
255,1.0,0.0,0.76627,0.21106,0.63935,0.38111999999999996,0.48408999999999996,0.525,0.15,0.22273,0.13752999999999999,0.59565,-0.07727,0.44545,0.0,0.48636,-0.27491,0.42013999999999996,-0.5613600000000001,0.36818,-0.36591,0.18864,-0.40533,0.07587999999999999,-0.38483,-0.03229,-0.33942,-0.12485999999999998,-0.2754,-0.19714,-0.19962,-0.24648,-0.11894,-0.27218000000000003,1.0
256,1.0,0.0,0.69444,0.38889,0.0,0.0,-0.32937,0.6984100000000001,0.0,0.0,0.0,0.0,0.0,0.0,0.20635,-0.24206,0.21031999999999998,0.19444,0.46429,0.78175,0.0,0.0,0.0,0.0,0.7341300000000001,0.27381,0.7619,0.6349199999999999,0.0,0.0,0.0,0.0,0.0,0.0,0.0
257,1.0,0.0,1.0,-0.08714,1.0,-0.17263,0.86635,-0.81779,0.9481700000000001,0.61053,0.95473,-0.41381999999999997,0.8848600000000001,-0.31736,0.8793700000000001,-0.23433,0.8105100000000001,-0.6218,0.12245,-1.0,0.90284,0.11052999999999999,0.62357,-0.78547,0.55389,-0.82868,0.48136,-0.8658299999999999,0.4065,-0.89674,0.32984,-0.9212799999999999,-0.13341,-1.0,1.0
258,1.0,0.0,0.0,0.0,-1.0,-1.0,-1.0,1.0,0.0,0.0,-1.0,1.0,1.0,1.0,1.0,-1.0,0.0,0.0,0.0,0.0,-1.0,-1.0,-1.0,1.0,1.0,0.4375,1.0,-1.0,0.0,0.0,-1.0,-1.0,-1.0,1.0,0.0
259,1.0,0.0,0.8842,0.36724,0.67123,0.67382,0.39613000000000004,0.8639899999999999,0.02424,0.9318200000000001,-0.35148,0.8371299999999999,-0.60316,0.5884199999999999,-0.7865800000000001,0.38778,-0.83285,-0.00642,-0.69318,-0.32963000000000003,-0.52504,-0.5392399999999999,-0.27376999999999996,-0.6812600000000001,0.00806,-0.6977399999999999,0.26028,-0.60678,0.44569,-0.43383,0.54209,-0.21541999999999997,0.56286,0.02823,1.0
260,1.0,0.0,1.0,0.11765,1.0,0.23529,1.0,0.41176,1.0,0.058820000000000004,1.0,0.23529,1.0,0.11765,1.0,0.47058999999999995,1.0,-0.058820000000000004,1.0,-0.11765,1.0,0.35294000000000003,1.0,0.41176,1.0,-0.11765,1.0,0.20225,1.0,0.058820000000000004,1.0,0.35294000000000003,1.0,0.23529,1.0
261,1.0,0.0,0.32789,0.11042,0.1597,0.29308,0.1402,0.74485,-0.25131,0.9199299999999999,-0.16502999999999998,0.26664,-0.6371399999999999,0.24865,-0.9765,-0.00337,-0.23226999999999998,-0.19909000000000002,-0.30522,-0.48886,-0.14426,-0.89991,0.09345,-0.28916,0.28307,-0.1856,0.39599,-0.11498,0.31005,0.056139999999999995,0.21443,0.2054,0.13376,0.26421999999999995,1.0
262,1.0,0.0,1.0,0.06538,1.0,0.20745999999999998,1.0,0.26281,0.9305100000000001,0.32213,0.8677299999999999,0.39039,0.75474,0.5008199999999999,0.79555,0.5232100000000001,0.65954,0.60756,0.57619,0.6299899999999999,0.47807,0.67135,0.40553,0.6884,0.34384000000000003,0.72082,0.27712,0.7238600000000001,0.19296,0.70682,0.11372,0.72688,0.0699,0.71444,1.0
263,1.0,0.0,1.0,-0.09523999999999999,-1.0,-1.0,-1.0,-1.0,1.0,0.31745999999999996,0.8134899999999999,0.7619,-1.0,-1.0,-1.0,1.0,0.47363999999999995,1.0,1.0,1.0,0.68839,-1.0,-1.0,-1.0,0.82937,0.36508,1.0,1.0,1.0,0.50794,-1.0,-0.3254,-1.0,0.72831,0.0
264,1.0,0.0,0.88085,0.35231999999999997,0.68389,0.65128,0.34815999999999997,0.79784,0.058320000000000004,0.9084200000000001,-0.29784,0.8649,-0.62635,0.6959,-0.7710600000000001,0.39309,-0.85803,0.08408,-0.8164100000000001,-0.24017,-0.64579,-0.50022,-0.39766,-0.68337,-0.11147,-0.7553300000000001,0.17040999999999998,-0.71504,0.40675,-0.57649,0.56626,-0.36765,0.62765,-0.13305,1.0
265,1.0,0.0,0.41931999999999997,0.12482,0.35,0.125,0.23181999999999997,0.27955,-0.03636,0.44318,0.04517,0.36194,-0.19091,0.33636,-0.1335,0.27321999999999996,0.02727,0.40455,-0.34773000000000004,0.12727,-0.20027999999999999,0.05078,-0.18636,0.36364,-0.14003,-0.04802,-0.09971000000000001,-0.07114,-1.0,-1.0,-0.029160000000000002,-0.07464,-0.00526,-0.06314,0.0
266,0.0,0.0,1.0,-1.0,1.0,1.0,-1.0,-1.0,1.0,-1.0,0.0,0.0,0.0,0.0,-1.0,1.0,1.0,-1.0,1.0,-1.0,-0.75,1.0,1.0,-1.0,1.0,-1.0,1.0,-1.0,-1.0,-1.0,0.0,0.0,1.0,-1.0,0.0
267,1.0,0.0,0.5764699999999999,-0.01569,0.40392,0.0,0.38431,0.12941,0.4,-0.058820000000000004,0.56471,0.14118,0.46667,0.08235,0.52549,-0.0549,0.58039,0.01569,0.5019600000000001,0.0,0.45882,0.06667000000000001,0.58039,0.08235,0.49804,0.00392,0.48601000000000005,0.10039,0.46275,0.08235,0.45098,0.23529,0.43137,0.17255,1.0
268,1.0,0.0,0.8777200000000001,-0.08152000000000001,0.83424,0.07337,0.84783,0.040760000000000005,0.77174,-0.02174,0.77174,-0.05707,0.82337,-0.10597999999999999,0.67935,-0.00543,0.8804299999999999,-0.20924,0.83424,0.03261,0.86413,-0.05977999999999999,0.97283,-0.27989,0.85054,-0.1875,0.83705,-0.10211,0.8587,-0.03261,0.78533,-0.1087,0.79076,-0.00543,1.0
269,1.0,0.0,0.8885299999999999,0.016309999999999998,0.92007,0.01305,0.92442,0.013590000000000001,0.89179,-0.10223,0.9010299999999999,-0.08428,0.9304,-0.010329999999999999,0.93094,-0.08918,0.86025,-0.05057,0.89451,-0.04024,0.88418,-0.12125999999999999,0.88907,-0.11909000000000002,0.8298,-0.14138,0.8645299999999999,-0.11807999999999999,0.85536,-0.13051,0.83524,-0.12452,0.8678600000000001,-0.12235,1.0
270,1.0,0.0,0.9882200000000001,0.02187,0.9310200000000001,0.341,0.83904,0.35222,0.7470600000000001,0.48906000000000005,0.7358399999999999,0.51879,0.55076,0.6017899999999999,0.4313,0.66237,0.318,0.70443,0.28379,0.6887300000000001,0.07515,0.7369600000000001,0.06337999999999999,0.7128399999999999,-0.16489,0.69714,-0.16555999999999998,0.6051,-0.16209,0.55805,-0.34717,0.44195,-0.33483,0.37465,1.0
271,1.0,0.0,-1.0,-0.59677,0.0,0.0,-1.0,0.6451600000000001,-0.87097,1.0,0.0,0.0,0.0,0.0,0.0,0.0,0.0,0.0,0.0,0.0,-1.0,-1.0,0.0,0.0,0.29839,0.23387,1.0,0.51613,0.0,0.0,0.0,0.0,0.0,0.0,0.0
272,1.0,0.0,1.0,0.06655,1.0,-0.18388,1.0,-0.2732,1.0,-0.43107,1.0,-0.41348999999999997,0.9623200000000001,-0.51874,0.9071100000000001,-0.59017,0.8923,-0.66474,0.69876,-0.70997,0.70645,-0.7632,0.63081,-0.8054399999999999,0.55867,-0.89128,0.47211000000000003,-0.865,0.40303,-0.83675,0.30996,-0.8909299999999999,0.22995,-0.8915799999999999,1.0
273,1.0,0.0,1.0,-1.0,1.0,1.0,1.0,1.0,1.0,-0.5,1.0,1.0,1.0,1.0,1.0,1.0,0.0,0.0,1.0,1.0,1.0,1.0,1.0,-1.0,1.0,1.0,1.0,0.625,1.0,-0.75,-0.75,1.0,1.0,1.0,0.0
274,1.0,0.0,0.0,0.0,0.0,0.0,0.0,0.0,-1.0,1.0,0.0,0.0,1.0,0.37333,-0.12,-0.12,0.0,0.0,-1.0,-1.0,0.0,0.0,1.0,-1.0,0.0,0.0,1.0,0.22666999999999998,0.0,0.0,0.0,0.0,0.0,0.0,0.0
275,1.0,0.0,0.8668899999999999,0.3595,0.72014,0.66667,0.37201,0.83049,0.08646000000000001,0.85893,-0.24118,0.86121,-0.51763,0.67577,-0.68714,0.41523999999999994,-0.7701899999999999,0.09898,-0.69397,-0.13652,-0.49488000000000004,-0.42207,-0.32537,-0.5767899999999999,-0.028439999999999997,-0.59954,0.1536,-0.53127,0.32309,-0.37088000000000004,0.46188999999999997,-0.19680999999999998,0.40956,0.0182,1.0
276,1.0,0.0,1.0,0.05149,0.9936299999999999,0.10123,0.96142,0.14756,0.9551299999999999,-0.26496,0.6602600000000001,0.54701,0.8042600000000001,0.25283,0.7378100000000001,0.2738,0.66775,0.28714,0.59615,0.29304,0.52494,0.292,0.45582,0.28476,0.39023,0.27226,0.3293,0.25553000000000003,0.27381,0.23568000000000003,0.22426999999999997,0.21378000000000003,0.18086,0.19083,1.0
277,1.0,0.0,0.39286,0.52381,-0.7882399999999999,0.11342,-0.16627999999999998,-0.76378,0.66667,0.0119,0.8214299999999999,0.40476,-0.6723,0.30729,-0.34797,-0.63668,0.46429,0.15475999999999998,0.54762,0.05952,-0.5183,0.44961,-0.47651000000000004,-0.47594,0.32143,0.70238,0.51971,0.38848,0.57143,0.39286,-0.54891,-0.29915,0.25440999999999997,-0.55837,0.0
278,1.0,0.0,0.9816600000000001,0.008740000000000001,0.98103,-0.03818,0.97565,-0.05699,0.95947,-0.06971000000000001,0.9900399999999999,-0.04507,0.9471299999999999,-0.11102000000000001,0.9336899999999999,-0.1279,0.9421700000000001,-0.11582999999999999,0.79682,-0.192,0.88274,-0.17387,0.8625700000000001,-0.18739,0.88487,-0.19689,0.81813,-0.21136,0.78546,-0.23864000000000002,0.7691100000000001,-0.23095,0.7432300000000001,-0.23901999999999998,1.0
279,1.0,0.0,1.0,0.45455,1.0,-0.45455,1.0,0.09091,1.0,-0.09091,1.0,0.0,1.0,-0.27273000000000003,1.0,-0.18182,1.0,0.09091,1.0,0.0,1.0,-0.36364,1.0,0.09091,1.0,-0.09091,1.0,-0.049139999999999996,1.0,0.45455,1.0,-0.27273000000000003,1.0,-0.18182,1.0
