,0,1,2,3,4,5,6,7,8,9,10,11,12,13,14,15,16,17,18,19
0,0.81,0.0,0.0,0.0,0.0,0.0,0.0,0.81,0.0,3.27,0.81,0.0,0.0,0.0,0.0,0.26,0.0,86.0,189.0,1.0
1,0.0,0.0,0.0,0.0,0.0,0.0,0.0,0.0,0.0,0.0,0.0,0.0,0.0,1.16,1.16,0.0,0.0,7.0,31.0,0.0
2,0.0,0.0,0.0,0.0,0.0,0.0,0.0,0.0,2.17,0.0,0.0,0.0,0.0,4.34,2.17,0.0,0.0,11.0,68.0,0.0
3,0.0,0.0,0.0,0.0,0.0,0.0,0.0,0.0,0.0,2.63,1.75,0.87,0.0,0.0,0.0,3.907,0.0,70.0,195.0,1.0
4,0.0,0.0,0.0,0.0,0.0,0.0,0.0,0.0,0.0,2.56,1.7,0.0,0.0,0.0,0.0,0.149,0.0,2.0,26.0,0.0
5,0.18,0.0,0.0,0.0,0.0,0.0,0.0,0.0,0.0,1.49,0.0,0.0,0.0,0.0,0.0,0.0,0.0,5.0,80.0,0.0
6,1.0,0.25,0.0,0.0,0.0,0.25,0.25,0.0,1.25,2.51,1.75,0.25,0.0,0.0,0.0,0.042,0.0,7.0,118.0,0.0
7,0.0,0.0,0.0,0.0,0.0,0.0,0.0,0.0,0.0,4.87,0.81,0.0,0.0,0.0,0.0,0.0,0.0,4.0,28.0,0.0
8,0.45,0.45,0.45,0.0,0.0,0.0,0.0,0.0,0.0,0.9,0.0,0.0,0.0,0.0,0.0,0.07200000000000001,0.0,45.0,440.0,1.0
9,0.0,1.03,0.0,2.07,0.0,0.0,0.0,0.0,0.0,0.0,0.0,0.0,0.0,0.0,0.0,0.0,0.0,11.0,64.0,0.0
10,1.29,0.0,0.0,0.0,0.0,0.0,1.29,0.0,0.0,2.59,0.0,0.0,0.0,0.0,0.0,0.9359999999999999,0.0,24.0,133.0,1.0
11,0.0,0.0,0.0,0.0,0.0,0.0,0.0,0.0,0.0,2.96,0.0,0.0,0.0,0.0,0.0,0.377,0.0,1.0,33.0,0.0
12,0.0,0.0,1.47,1.47,1.47,1.47,0.0,2.94,0.0,0.0,2.94,0.0,0.0,0.0,0.0,0.294,0.147,281.0,286.0,1.0
13,0.86,0.0,0.86,0.0,0.0,0.0,0.0,0.0,1.72,0.86,0.0,0.0,0.0,0.0,0.0,0.0,0.136,31.0,109.0,1.0
14,0.09,0.05,0.0,0.01,0.16,0.0,0.01,0.01,0.01,0.07,0.05,0.0,0.0,0.56,0.58,0.0,0.005,66.0,3334.0,0.0
15,0.0,0.0,0.0,0.0,0.0,0.0,0.0,0.0,0.0,4.34,8.69,0.0,0.0,0.0,0.0,3.048,0.0,1.0,8.0,0.0
16,1.26,0.0,0.0,1.26,0.0,0.0,1.26,0.0,0.0,0.0,0.0,0.0,0.0,0.0,0.0,0.9259999999999999,0.0,25.0,121.0,1.0
17,0.75,0.0,0.0,0.0,0.75,0.0,0.0,0.75,0.0,0.75,3.03,0.0,0.0,0.0,0.0,2.249,1.237,404.0,529.0,1.0
18,0.0,0.0,1.56,0.0,0.0,0.0,1.56,1.56,0.0,0.0,1.56,0.0,0.0,0.0,0.0,0.0,0.183,140.0,164.0,1.0
19,0.0,0.62,0.0,2.82,0.0,0.31,2.5,0.0,0.0,5.32,1.56,0.0,0.62,0.0,0.0,0.111,0.111,6.0,92.0,1.0
20,0.0,0.0,0.0,0.0,0.0,0.0,0.0,0.0,0.0,0.0,0.0,0.0,0.0,2.56,2.56,0.0,0.0,11.0,90.0,0.0
21,0.19,0.0,0.0,0.0,0.09,0.09,0.09,0.39,0.0,1.77,0.98,0.09,0.0,1.57,0.78,0.068,0.0,25.0,593.0,0.0
22,0.0,0.11,0.0,0.0,0.0,0.0,0.0,0.0,0.23,2.15,0.35,0.0,0.0,0.0,0.0,0.021,0.0,5.0,145.0,0.0
23,0.0,0.0,0.0,0.0,0.0,0.0,0.0,0.0,0.0,0.0,0.0,0.5,0.0,1.52,2.03,0.122,0.061,38.0,237.0,0.0
24,0.84,0.0,0.0,0.0,0.0,0.0,0.0,0.0,0.0,0.28,0.0,0.0,0.0,1.4,0.84,0.0,0.0,7.0,97.0,0.0
25,0.62,0.0,0.31,0.0,1.09,0.0,0.15,0.15,1.4,2.19,1.09,0.62,0.0,0.0,0.0,0.37799999999999995,4.0169999999999995,23.0,259.0,1.0
26,0.0,0.0,0.0,0.0,0.0,0.0,0.0,0.0,0.0,8.33,0.0,0.0,0.0,0.0,0.0,0.0,0.0,4.0,17.0,0.0
27,0.0,0.0,0.0,0.0,0.0,0.0,0.0,0.0,0.0,0.0,0.0,0.0,0.0,0.0,0.0,0.289,0.0,2.0,14.0,0.0
28,0.0,0.0,0.0,0.0,0.0,0.0,0.0,0.0,0.0,0.0,0.0,0.0,0.0,0.0,0.0,0.0,0.0,9.0,1310.0,0.0
29,0.0,0.0,0.0,0.0,0.0,0.0,0.9,0.0,1.81,3.63,2.72,0.0,0.0,0.0,0.0,0.17,0.17,41.0,94.0,1.0
30,0.0,0.0,0.0,0.0,0.0,0.0,0.0,0.0,0.0,0.0,0.0,0.0,0.0,0.42,0.42,0.0,0.0,9.0,114.0,0.0
31,0.7,0.23,0.23,1.41,0.23,0.23,0.0,1.41,0.47,0.94,3.3,0.0,0.0,0.0,0.0,1.2890000000000001,0.151,276.0,666.0,1.0
32,0.85,0.21,0.21,0.0,0.0,0.0,0.0,0.21,0.0,0.64,1.71,1.28,0.0,0.0,0.0,0.465,0.271,58.0,869.0,1.0
33,0.0,0.0,0.0,0.0,0.0,0.0,0.0,0.0,0.0,1.85,3.7,0.0,0.0,1.85,0.0,0.318,0.0,15.0,62.0,0.0
34,0.27,0.0,0.0,0.27,0.0,0.0,0.27,0.0,0.54,0.0,0.0,0.0,0.0,0.27,0.27,0.0,0.0,55.0,189.0,0.0
35,0.0,0.74,1.12,0.0,0.0,0.74,0.37,0.0,1.49,4.49,1.87,0.0,0.74,0.0,0.0,0.223,0.223,10.0,93.0,1.0
36,0.46,0.0,0.0,0.15,0.0,0.0,0.0,0.46,0.0,0.0,0.0,0.0,0.0,2.15,0.3,0.0,0.0,6.0,238.0,0.0
37,0.27,0.0,0.0,0.0,0.0,0.0,0.0,0.54,0.0,1.63,0.0,0.0,0.0,4.89,1.35,0.0,0.0,35.0,424.0,0.0
38,0.24,0.0,0.0,0.0,0.0,0.0,0.48,0.48,0.0,1.44,0.48,0.0,0.0,1.92,0.0,0.0,0.0,143.0,464.0,0.0
39,0.23,0.23,0.0,0.0,0.0,0.0,0.23,0.0,0.0,0.47,0.0,0.0,0.0,0.47,0.23,0.0,0.0,8.0,142.0,0.0
40,0.65,0.65,0.32,0.32,0.0,0.0,0.32,0.32,0.0,2.28,3.25,0.0,0.32,0.0,0.0,0.0,0.157,10.0,143.0,1.0
41,0.13,0.13,0.0,0.83,0.41,0.0,0.13,0.13,0.27,4.31,2.08,0.13,0.27,0.0,0.0,0.379,0.05,15.0,219.0,1.0
42,0.0,0.0,0.0,0.0,0.0,0.0,0.0,0.0,0.61,1.85,0.0,0.0,0.0,0.0,0.0,0.0,0.0,13.0,70.0,0.0
43,0.0,0.0,0.0,0.0,0.0,0.0,0.0,0.0,0.0,0.0,0.0,0.0,0.0,20.83,4.16,0.0,0.0,18.0,64.0,0.0
44,0.0,0.0,0.0,0.0,0.0,0.0,0.0,0.0,0.0,0.0,0.0,0.0,0.0,0.0,0.0,0.221,0.665,15.0,61.0,1.0
45,0.29,0.0,0.14,0.0,0.0,0.14,0.14,0.0,0.72,0.43,0.58,0.0,0.0,0.0,0.0,0.585,0.046,132.0,979.0,1.0
46,0.0,0.0,0.0,0.0,0.0,0.0,0.0,0.0,0.0,0.0,0.0,0.0,0.0,0.0,0.0,0.0,0.0,5.0,15.0,0.0
47,0.0,0.0,0.0,0.0,0.0,0.0,4.91,0.0,0.0,3.27,1.63,0.0,0.0,0.0,0.0,2.695,0.0,12.0,44.0,1.0
48,1.21,0.0,0.6,0.0,0.6,0.0,0.0,0.0,2.43,1.82,1.21,0.0,0.0,0.0,0.0,0.0,0.0,71.0,129.0,1.0
49,0.0,0.0,0.0,0.0,0.0,0.0,0.0,0.0,0.0,3.75,0.62,0.0,0.0,0.0,0.0,0.0,0.0,47.0,119.0,0.0
50,0.0,0.0,0.0,0.0,0.0,0.0,0.0,0.0,0.0,1.2,0.0,0.0,0.0,0.0,0.0,0.21,0.0,5.0,32.0,0.0
51,0.0,0.0,0.0,0.0,0.0,0.0,0.0,0.0,0.0,0.0,0.0,0.0,0.0,7.69,3.84,0.0,0.0,11.0,32.0,0.0
52,0.0,0.0,0.0,0.0,0.0,0.0,0.0,0.0,0.0,0.0,0.0,0.0,0.0,0.0,0.0,0.0,0.0,1.0,10.0,0.0
53,0.0,0.0,0.0,0.0,0.0,0.0,0.0,0.0,0.0,0.0,0.0,0.0,0.0,0.0,0.0,0.0,0.0,3.0,13.0,0.0
54,0.0,0.0,0.0,0.0,0.0,0.0,0.0,0.0,0.0,0.59,2.99,0.0,0.0,0.0,0.0,0.5589999999999999,0.27899999999999997,12.0,108.0,1.0
55,1.79,0.35,0.0,0.0,0.0,0.0,0.0,0.0,0.0,0.71,1.07,0.0,0.0,0.35,0.35,0.244,0.0,22.0,152.0,0.0
56,0.0,0.0,7.27,0.0,0.0,0.0,0.0,0.0,0.0,0.0,0.0,0.0,0.0,0.0,0.0,0.297,0.0,8.0,52.0,1.0
57,0.69,0.0,0.0,0.0,0.0,0.0,0.0,0.0,0.0,0.69,0.69,0.0,0.0,1.38,0.0,0.0,0.08,15.0,112.0,0.0
58,1.14,0.0,0.0,0.0,0.38,0.0,0.0,0.0,0.0,0.38,0.0,0.0,0.0,0.38,0.0,1.005,0.059000000000000004,1177.0,1180.0,1.0
59,0.0,0.0,0.0,0.0,0.0,0.0,0.0,0.0,0.0,9.09,0.0,0.0,0.0,0.0,0.0,0.0,0.0,14.0,24.0,1.0
60,0.0,0.0,0.0,0.0,0.0,0.0,0.0,0.0,0.0,2.7,0.0,0.0,0.0,0.0,0.0,0.0,0.0,21.0,40.0,0.0
61,0.0,0.0,0.0,0.0,0.0,0.0,0.0,0.0,0.0,2.45,0.0,0.0,0.0,0.0,0.0,0.0,0.46,15.0,73.0,0.0
62,0.0,0.0,0.0,0.0,0.0,0.0,0.0,0.0,0.0,1.14,0.0,0.0,0.0,0.0,0.0,0.0,0.0,5.0,22.0,0.0
63,0.0,0.0,0.0,0.0,0.0,0.0,0.0,0.0,0.0,0.0,0.0,0.0,0.0,0.0,0.0,0.0,0.0,1.0,3.0,0.0
64,0.0,0.0,0.0,0.0,0.0,0.0,0.0,0.0,0.0,2.94,2.94,0.0,0.0,0.0,0.0,0.0,0.0,1.0,6.0,0.0
65,0.0,0.13,0.0,0.0,0.13,0.0,0.27,0.0,0.4,1.09,2.32,0.13,0.0,0.0,0.0,0.364,0.064,107.0,1444.0,1.0
66,0.88,0.0,0.0,0.0,0.0,0.0,0.0,0.0,0.0,0.88,0.0,0.0,0.0,1.76,1.76,0.0,0.0,6.0,61.0,0.0
67,0.0,2.43,0.0,0.0,0.0,0.0,0.0,0.0,0.0,1.21,1.21,0.0,0.0,0.0,0.0,0.21100000000000002,0.0,1.0,11.0,0.0
68,0.12,0.0,0.0,0.0,1.11,0.0,0.0,0.0,0.0,0.49,0.24,0.0,0.0,0.62,0.74,0.0,0.033,32.0,485.0,0.0
69,1.16,0.0,0.0,0.0,0.0,0.0,0.58,0.0,0.0,0.58,1.16,0.0,0.0,0.0,0.0,0.0,0.0,11.0,145.0,1.0
70,0.0,0.0,0.0,0.0,0.0,0.0,0.0,0.0,0.0,4.16,0.0,0.0,0.0,0.0,0.0,0.74,0.0,6.0,13.0,0.0
71,0.0,0.0,0.0,0.0,0.0,0.0,0.0,0.0,0.0,2.32,0.0,0.0,0.0,0.0,2.32,0.0,0.0,11.0,35.0,0.0
72,0.29,0.0,0.0,0.0,0.0,0.0,0.14,0.0,0.0,0.0,0.0,0.14,0.0,0.0,0.0,0.0,0.022000000000000002,11.0,294.0,1.0
73,0.0,0.0,4.0,0.0,0.0,0.0,0.0,0.0,0.0,0.0,0.0,0.0,0.0,0.0,0.0,0.0,0.0,19.0,49.0,1.0
74,0.73,0.73,0.73,0.09,0.83,0.27,0.09,0.0,1.2,1.38,0.64,0.55,0.18,0.0,0.0,0.43,0.134,696.0,1478.0,1.0
75,1.63,0.0,0.0,0.0,0.0,0.0,0.0,0.0,0.0,4.91,0.0,0.0,0.0,0.0,0.0,0.0,0.0,5.0,46.0,0.0
76,0.43,0.0,0.0,0.0,0.0,0.0,0.43,0.0,0.21,0.21,0.43,0.0,0.0,0.21,0.21,0.146,0.146,99.0,642.0,1.0
77,0.0,0.0,0.0,0.1,0.0,0.2,0.1,0.1,0.0,0.1,0.0,0.1,0.0,3.02,0.0,0.0,0.059000000000000004,26.0,597.0,0.0
78,0.0,0.0,0.0,0.0,0.0,0.0,0.0,0.0,0.0,0.0,0.0,0.0,0.0,0.0,0.0,0.7090000000000001,0.0,9.0,23.0,0.0
79,0.0,0.0,0.0,0.0,0.0,0.0,0.0,0.0,0.0,0.0,0.0,0.0,0.0,0.0,0.0,0.0,0.0,1.0,6.0,0.0
80,0.56,0.56,1.12,1.12,0.0,0.56,2.25,0.0,1.12,2.25,2.82,0.56,0.0,0.0,0.0,0.0,0.0,5.0,51.0,1.0
81,0.93,0.0,0.0,0.0,0.0,0.0,0.93,0.0,0.0,2.8,0.0,0.0,0.0,0.0,0.93,0.0,0.0,5.0,62.0,0.0
82,0.42,0.08,0.08,0.42,0.08,0.0,0.0,0.17,0.08,1.2,3.17,0.34,0.08,0.0,0.0,0.095,0.013000000000000001,48.0,574.0,1.0
83,2.23,0.55,0.0,0.55,0.0,0.55,0.0,0.0,1.11,1.67,2.23,0.0,0.55,0.0,0.0,0.08800000000000001,0.353,11.0,108.0,1.0
84,1.35,0.0,0.9,0.45,0.0,0.0,0.0,0.0,0.9,2.26,1.8,0.45,0.0,0.0,0.0,0.82,0.41,12.0,137.0,1.0
85,0.0,0.0,0.0,0.0,0.0,0.0,0.0,0.0,0.0,3.22,0.0,0.0,0.0,0.0,0.0,0.0,0.0,4.0,8.0,0.0
86,0.0,0.0,0.0,0.0,0.0,0.0,0.62,0.0,0.0,1.88,0.62,0.0,0.0,1.25,0.62,0.0,0.0,13.0,149.0,0.0
87,0.1,0.03,0.0,0.0,0.4,0.0,0.0,0.0,0.03,0.14,0.1,0.0,0.0,0.47,0.5,0.0,0.01,66.0,1387.0,0.0
88,0.0,0.6,0.0,0.0,0.6,0.0,0.3,0.0,0.0,2.72,1.21,0.0,0.6,0.0,0.0,0.19,0.142,31.0,199.0,1.0
89,0.44,0.0,0.0,0.0,0.0,0.0,0.44,0.0,0.0,1.32,0.0,0.0,0.0,0.0,0.0,0.0,0.0,10.0,186.0,1.0
90,3.98,0.44,0.0,0.44,0.0,0.0,0.88,0.0,0.0,0.88,1.32,0.0,0.0,0.0,0.0,0.064,0.128,23.0,113.0,1.0
91,0.27,0.07,0.0,0.0,0.14,0.0,0.02,0.0,0.01,0.05,0.04,0.0,0.0,0.48,0.49,0.0,0.004,38.0,3086.0,0.0
92,0.0,0.0,0.0,0.0,0.0,0.0,0.0,0.0,0.0,0.0,0.0,0.0,0.0,0.0,0.0,0.0,0.0,3.0,7.0,0.0
93,0.21,0.0,0.0,0.0,0.42,0.0,0.53,0.0,0.0,1.7,1.06,0.0,0.21,0.0,0.0,0.358,0.188,75.0,447.0,1.0
94,0.0,0.0,0.0,0.0,0.0,0.0,0.0,0.0,0.0,1.31,0.0,0.0,0.0,2.63,2.63,0.0,0.0,12.0,71.0,0.0
95,0.0,0.0,0.0,0.0,0.0,0.0,0.0,0.0,0.0,0.58,0.58,0.0,0.0,3.51,2.34,0.0,0.0,37.0,373.0,0.0
96,0.0,0.0,0.0,0.0,0.0,0.0,0.0,0.0,1.96,1.96,0.0,0.0,0.0,0.0,0.0,0.0,0.0,11.0,26.0,0.0
97,0.24,0.0,0.0,0.0,0.24,0.0,0.24,0.0,0.0,0.24,0.49,0.0,0.0,0.0,0.0,0.0,0.0,209.0,400.0,1.0
98,0.19,0.0,0.0,0.0,0.0,0.0,0.19,0.19,0.19,2.19,0.59,0.0,0.0,0.0,0.0,0.0,0.038,4.0,96.0,0.0
99,0.48,0.0,0.0,0.0,0.0,0.0,0.0,0.0,0.0,0.48,0.0,0.0,0.0,0.0,0.0,0.0,0.0,9.0,123.0,0.0
100,0.0,0.0,0.0,0.0,0.0,0.0,0.0,0.0,0.0,0.0,0.0,0.0,0.0,0.0,0.0,0.0,0.0,3.0,6.0,0.0
101,0.11,0.22,0.0,0.11,0.0,0.0,0.0,0.0,0.0,0.22,0.0,0.0,0.0,0.99,0.0,0.0,0.031,12.0,339.0,0.0
102,0.0,0.0,0.0,0.0,0.0,0.0,0.0,0.0,0.0,0.0,0.0,0.0,0.0,0.0,0.0,0.0,0.0,1.0,14.0,0.0
103,1.47,0.0,0.0,0.0,0.0,0.0,0.0,0.0,0.0,0.73,0.0,0.0,0.0,0.0,0.0,0.0,0.0,4.0,40.0,0.0
104,0.0,0.0,0.0,0.0,0.0,0.0,0.0,0.0,0.74,1.49,0.0,0.0,0.0,4.47,2.23,0.102,0.0,10.0,87.0,0.0
105,0.0,0.0,0.0,0.0,0.0,0.0,0.0,0.0,0.0,0.0,0.0,0.0,0.0,0.0,0.0,0.0,0.0,3.0,38.0,1.0
106,0.4,0.4,0.4,0.4,0.0,0.4,0.4,0.0,0.0,4.0,2.0,0.0,0.4,0.0,0.0,0.121,0.0,12.0,95.0,1.0
107,0.0,0.0,0.0,0.0,0.0,0.0,0.0,0.0,0.0,0.0,0.0,0.0,0.0,0.0,0.0,0.0,0.0,10.0,72.0,0.0
108,0.0,0.0,0.0,0.0,0.0,0.0,0.0,0.0,0.0,0.0,0.0,0.0,0.0,0.0,0.0,0.0,0.0,10.0,11.0,0.0
109,0.0,0.0,0.0,0.0,0.27,0.0,0.0,0.0,0.0,3.3,0.27,0.0,0.0,0.0,0.0,0.048,0.0,47.0,118.0,0.0
110,0.0,0.0,0.0,0.0,0.0,0.0,0.0,0.0,0.0,3.33,0.83,0.0,0.0,0.0,0.0,0.0,0.0,47.0,91.0,0.0
111,1.11,0.0,0.18,0.0,0.0,0.0,0.0,0.37,0.37,3.15,0.92,0.0,0.0,0.0,0.0,0.426,0.0,4.0,68.0,1.0
112,0.81,0.0,0.0,0.0,0.0,0.0,0.0,0.0,0.0,0.81,1.63,0.0,0.0,0.0,0.0,0.125,0.0,26.0,151.0,1.0
113,0.0,0.0,0.0,0.0,0.0,0.0,0.0,0.0,0.0,0.86,0.0,0.0,0.0,0.0,0.0,0.073,0.0,43.0,328.0,0.0
114,0.0,0.0,0.0,0.0,0.0,0.0,0.0,0.0,0.0,0.0,0.0,0.0,0.0,0.0,0.0,0.0,0.0,15.0,54.0,0.0
115,0.0,2.54,0.0,0.0,0.0,0.0,0.0,0.0,0.0,2.54,1.69,0.0,0.0,0.0,0.0,2.865,0.301,23.0,136.0,1.0
116,0.0,0.0,0.0,0.0,0.0,0.0,0.0,0.0,0.0,0.0,0.0,0.0,0.0,0.0,0.0,0.0,0.0,3.0,12.0,0.0
117,0.53,0.0,0.0,0.53,0.0,0.0,0.0,0.53,0.53,2.65,2.65,1.59,0.0,0.0,0.0,0.095,0.478,60.0,131.0,1.0
118,0.0,0.0,0.0,0.0,0.0,0.0,0.0,0.0,0.0,0.0,0.0,0.0,0.0,4.21,3.15,0.0,0.0,12.0,65.0,0.0
119,0.0,0.0,0.0,0.0,0.0,0.0,0.0,0.0,0.0,4.76,0.0,0.0,0.0,0.0,0.0,0.0,0.0,3.0,8.0,0.0
120,0.8,0.0,0.8,0.0,0.0,0.0,0.8,0.8,0.8,1.6,1.6,0.0,0.0,0.0,0.0,0.27,0.0,19.0,81.0,1.0
121,0.0,0.0,0.0,0.0,0.0,0.0,0.0,0.0,0.0,0.0,0.0,0.0,0.0,0.0,0.0,0.0,0.0,1.0,5.0,0.0
122,0.0,0.0,0.0,0.0,0.0,0.0,0.0,0.0,0.0,0.0,0.0,0.0,0.0,7.14,3.57,0.0,0.0,11.0,36.0,0.0
123,1.03,0.0,0.41,0.2,0.0,0.0,0.2,0.0,2.47,2.06,1.03,0.0,0.0,0.0,0.0,0.23800000000000002,0.034,32.0,247.0,1.0
124,0.0,0.0,0.0,0.0,0.0,0.0,0.0,0.0,0.0,4.44,0.0,0.0,0.0,0.0,0.0,0.833,0.0,3.0,11.0,1.0
125,0.0,0.0,0.0,0.0,0.0,0.0,0.0,0.0,0.0,0.0,0.0,0.0,0.0,0.0,0.0,0.0,0.0,1.0,5.0,0.0
126,0.0,0.0,0.0,0.0,0.0,0.0,0.0,0.0,0.0,1.78,0.0,0.0,0.0,1.78,1.78,0.0,0.0,9.0,30.0,0.0
127,0.85,0.0,0.0,0.0,0.0,0.0,1.28,0.0,0.0,3.86,0.85,0.0,0.85,0.0,0.0,0.535,0.133,110.0,313.0,1.0
128,0.0,0.0,0.0,1.21,0.0,1.21,6.09,0.0,0.0,1.21,1.21,0.0,0.0,0.0,0.0,0.40700000000000003,0.0,32.0,76.0,1.0
129,0.85,1.02,0.25,0.17,0.59,0.17,0.25,0.08,0.93,1.61,0.42,0.85,0.08,0.0,0.0,0.39399999999999996,0.114,669.0,1407.0,1.0
130,0.0,0.0,0.0,0.0,0.0,0.0,0.0,0.0,0.0,0.0,0.0,0.0,0.0,0.0,0.0,0.0,0.212,24.0,72.0,1.0
131,0.0,0.0,0.0,0.0,0.0,0.0,0.0,0.0,3.7,0.0,0.0,0.0,0.0,3.7,0.0,0.0,0.0,6.0,22.0,0.0
132,3.07,0.0,0.0,0.0,0.0,0.0,0.0,0.0,0.0,0.0,1.53,0.0,0.0,0.0,0.0,0.0,0.0,4.0,26.0,0.0
133,0.0,0.0,0.0,0.34,0.0,0.34,1.72,0.0,0.0,1.03,2.06,0.0,0.0,0.0,0.0,0.0,0.0,107.0,194.0,0.0
134,0.79,0.79,0.49,0.0,0.89,0.29,0.09,0.0,1.08,1.38,0.69,0.59,0.19,0.0,0.0,0.41700000000000004,0.154,669.0,1365.0,1.0
135,0.0,0.0,0.0,0.0,0.0,0.0,0.0,0.0,0.0,0.0,0.0,0.0,0.0,0.0,0.0,0.0,0.0,1.0,5.0,0.0
136,0.85,1.02,0.25,0.17,0.59,0.17,0.25,0.08,0.93,1.61,0.42,0.85,0.08,0.0,0.0,0.39399999999999996,0.114,669.0,1410.0,1.0
137,0.0,0.0,0.0,0.0,0.0,0.0,0.0,0.0,0.0,3.33,0.0,0.0,0.0,0.0,0.0,1.156,0.0,10.0,21.0,0.0
138,1.28,0.0,0.64,0.0,0.0,0.0,0.64,0.64,0.0,1.28,3.2,0.64,0.0,0.0,0.0,0.551,0.45899999999999996,22.0,119.0,1.0
139,0.0,0.0,0.0,0.0,0.0,0.0,0.0,0.0,0.0,2.48,1.99,0.0,0.0,0.0,0.0,0.35600000000000004,0.0,64.0,311.0,1.0
140,0.0,0.0,0.0,0.0,0.0,0.0,0.0,0.0,0.0,0.0,0.0,0.0,0.0,0.0,0.0,0.0,0.0,28.0,1399.0,0.0
141,0.17,0.0,0.17,0.34,0.17,0.0,0.0,0.0,0.0,0.0,0.0,0.34,0.0,0.0,0.0,0.0,0.0,10.0,145.0,1.0
142,0.0,0.0,0.0,0.0,0.0,0.0,0.0,0.0,0.0,0.26,0.26,0.0,0.0,1.61,0.8,0.091,0.0,12.0,227.0,0.0
143,0.46,0.46,0.46,0.0,0.0,0.46,0.92,0.0,0.92,2.76,1.38,0.46,0.0,0.0,0.0,0.298,0.223,13.0,110.0,1.0
144,0.29,0.0,0.0,0.29,3.23,0.29,0.0,0.0,0.88,1.76,2.64,0.0,0.0,0.29,0.29,0.113,0.265,16.0,208.0,0.0
145,0.0,0.6,0.0,0.0,0.6,0.0,0.3,0.0,0.0,2.7,1.2,0.0,0.6,0.0,0.0,0.18899999999999997,0.141,31.0,201.0,1.0
146,0.14,0.0,0.14,0.0,0.57,0.14,0.86,0.0,0.57,0.57,0.0,0.0,0.0,0.0,0.0,0.826,0.745,72.0,1315.0,1.0
147,0.0,0.98,0.19,0.19,1.38,0.0,0.98,0.0,0.0,2.56,1.38,0.0,1.38,0.0,0.0,0.765,0.316,76.0,632.0,1.0
148,1.77,0.22,0.44,0.44,0.22,0.0,0.44,0.0,0.44,3.32,3.32,0.44,0.44,0.0,0.0,0.588,0.156,1038.0,1734.0,1.0
149,0.0,0.0,0.0,0.0,0.0,0.0,0.0,0.0,0.0,2.7,2.7,0.0,0.0,0.0,0.0,0.444,0.0,7.0,28.0,0.0
150,0.0,0.0,0.0,0.0,0.0,0.0,0.0,0.0,0.0,1.12,1.12,0.0,0.0,0.0,0.0,0.203,0.0,20.0,40.0,0.0
151,0.0,0.64,0.0,0.0,0.0,0.0,0.64,0.0,0.0,2.59,0.0,0.64,0.0,0.0,0.0,0.662,0.0,131.0,292.0,1.0
152,0.0,0.0,0.0,0.0,0.0,0.0,0.0,0.0,0.08,0.87,0.08,0.0,0.0,0.0,0.0,0.027000000000000003,0.0,124.0,1315.0,0.0
153,0.0,0.0,0.0,0.0,0.0,0.0,0.26,0.0,0.0,1.07,1.88,0.0,0.0,2.15,1.61,0.043,0.0,19.0,262.0,0.0
154,0.0,0.63,0.0,0.0,0.0,0.0,0.0,0.0,0.0,0.63,0.0,0.0,0.0,3.16,0.0,0.0,0.0,9.0,64.0,0.0
155,0.44,1.32,0.0,0.0,0.0,0.0,0.0,0.0,0.44,1.76,2.2,2.2,0.0,0.0,0.0,0.444,0.37,16.0,140.0,1.0
156,0.0,0.0,0.0,0.0,0.0,0.0,0.0,0.0,0.0,0.0,0.0,0.0,0.0,4.76,1.58,0.0,0.601,13.0,84.0,0.0
157,2.25,0.0,0.0,0.0,0.0,0.0,0.0,0.0,0.0,1.5,0.0,0.0,0.0,0.75,0.75,0.0,0.128,28.0,128.0,0.0
158,1.44,0.0,0.0,0.0,0.24,0.72,0.6,0.24,0.0,4.44,1.8,0.72,0.96,0.0,0.0,0.10099999999999999,0.20199999999999999,54.0,479.0,1.0
159,1.13,0.08,0.0,0.0,0.16,0.08,0.24,1.13,0.0,4.6,2.01,0.0,0.32,0.0,0.0,0.337,0.054000000000000006,79.0,606.0,1.0
160,0.53,0.0,0.0,0.53,0.0,0.0,0.0,0.53,0.53,2.65,2.65,1.59,0.0,0.0,0.0,0.095,0.478,60.0,131.0,1.0
161,0.0,0.0,0.0,0.0,0.0,0.0,0.0,0.0,0.0,1.58,0.0,0.0,0.0,1.58,1.58,0.0,0.0,12.0,90.0,0.0
162,0.0,0.0,0.0,0.0,0.0,0.0,0.0,0.0,1.06,0.0,0.0,0.0,0.0,2.12,1.06,0.0,0.0,10.0,71.0,0.0
163,0.0,0.0,0.0,0.0,0.0,0.0,4.76,0.0,0.0,4.76,2.38,0.0,0.0,0.0,0.0,0.0,0.0,11.0,38.0,1.0
164,0.0,0.0,0.0,0.0,0.0,0.0,0.0,0.0,0.0,0.0,0.0,0.0,0.0,0.0,0.0,0.0,0.0,2.0,8.0,0.0
165,0.0,0.0,0.0,0.0,0.0,0.0,0.0,0.0,0.0,3.12,0.69,0.0,0.0,0.0,0.0,0.0,0.0,11.0,87.0,0.0
166,0.39,0.19,0.0,0.0,0.09,0.0,0.0,0.09,0.0,3.75,1.08,0.0,0.19,0.0,0.0,5.212999999999999,0.9790000000000001,54.0,740.0,1.0
167,0.0,0.0,0.0,0.0,0.0,0.0,0.25,0.0,0.0,0.0,0.0,0.51,0.0,0.0,0.0,0.174,0.174,126.0,937.0,1.0
168,1.65,0.0,0.0,0.0,0.82,0.0,0.82,0.0,0.0,1.65,0.82,0.0,0.0,0.0,0.0,0.0,0.0,11.0,69.0,1.0
169,0.0,0.0,0.0,0.0,0.0,0.0,0.0,0.0,0.0,1.38,1.85,0.0,0.0,2.31,0.46,0.0,0.0,28.0,167.0,0.0
170,0.28,0.0,0.14,0.0,0.0,0.14,0.14,0.0,0.7,0.42,0.84,0.0,0.0,0.0,0.0,0.583,0.0,132.0,991.0,1.0
171,1.46,0.17,0.08,0.0,0.25,0.0,0.51,0.08,0.08,3.43,0.77,0.08,0.17,0.0,0.0,0.348,0.10300000000000001,119.0,1456.0,1.0
172,0.0,0.0,0.0,0.0,0.0,0.0,0.0,0.0,1.23,1.23,1.23,0.0,0.0,0.0,0.0,0.0,0.0,10.0,75.0,0.0
173,0.0,0.0,0.0,0.0,0.0,0.0,0.0,0.0,0.0,0.0,0.0,0.0,0.0,0.0,0.0,0.0,0.0,3.0,6.0,0.0
174,1.43,0.28,0.0,0.14,0.0,0.0,0.14,0.42,0.0,3.86,1.28,0.14,0.42,0.0,0.0,0.094,0.11800000000000001,27.0,250.0,1.0
175,1.22,0.61,0.61,0.0,0.61,0.0,1.22,0.0,0.0,5.52,0.61,0.61,0.0,0.0,0.0,0.8290000000000001,0.0,34.0,89.0,1.0
176,0.0,0.0,0.0,0.0,0.0,0.0,0.58,0.0,0.0,0.0,0.0,0.0,0.0,0.0,0.0,0.0,0.0,1488.0,1506.0,0.0
177,0.1,0.1,0.1,0.53,0.1,0.0,0.0,0.1,0.0,0.0,0.0,0.75,0.0,0.0,0.0,0.016,0.065,29.0,329.0,1.0
178,0.0,0.0,0.0,0.0,0.0,2.0,0.0,0.0,0.0,2.0,8.0,0.0,0.0,0.0,0.0,0.0,0.0,29.0,53.0,0.0
179,0.0,0.0,0.0,0.0,0.0,0.0,0.0,0.0,0.0,0.0,0.0,0.0,0.0,0.0,0.0,0.0,0.0,4.0,16.0,0.0
180,0.0,0.0,0.0,0.0,0.0,0.0,0.0,0.0,0.0,0.0,0.0,0.0,0.0,0.0,0.0,1.0859999999999999,0.0,1.0,3.0,0.0
181,0.0,0.0,0.0,0.0,0.0,0.27,0.0,0.0,0.0,2.2,0.27,0.0,0.0,0.0,0.0,0.136,0.182,30.0,435.0,1.0
182,1.03,0.0,0.68,0.0,0.0,0.0,0.68,0.0,0.0,5.86,1.37,0.34,0.34,0.0,0.0,0.503,0.062,12.0,91.0,1.0
183,0.0,0.0,0.0,0.0,0.0,0.0,0.0,0.0,0.0,0.0,0.0,0.0,0.0,0.0,0.0,0.0,0.0,3.0,7.0,0.0
184,0.0,0.0,0.0,0.0,0.0,0.0,0.9,0.0,1.81,3.63,2.72,0.0,0.0,0.0,0.0,0.165,0.165,41.0,94.0,1.0
185,0.0,0.51,0.0,0.0,0.0,0.0,0.51,0.0,0.0,1.03,0.0,0.0,0.0,0.0,0.0,0.087,0.0,6.0,39.0,0.0
186,0.0,0.0,0.0,0.0,0.0,0.0,0.48,0.0,0.0,2.43,0.97,0.0,0.48,0.0,0.0,0.45,0.0,4.0,41.0,0.0
187,1.68,0.18,0.37,0.56,0.0,0.37,1.12,0.0,0.18,3.18,0.93,0.0,0.0,0.0,0.0,0.563,0.165,34.0,292.0,1.0
188,0.0,0.0,0.0,0.0,0.0,0.0,7.35,0.0,0.0,2.94,1.47,0.0,4.41,0.0,0.0,1.272,0.254,63.0,109.0,1.0
189,0.0,0.73,0.73,0.0,0.0,0.0,0.73,0.0,0.0,1.47,0.0,0.73,0.0,0.0,0.0,0.875,0.109,12.0,52.0,1.0
190,0.0,0.0,0.0,0.0,0.0,0.0,0.68,0.0,0.0,5.47,0.0,0.0,0.0,0.68,0.0,0.0,0.0,3.0,22.0,0.0
191,1.03,0.0,0.68,0.0,0.0,0.0,0.68,0.0,0.0,5.86,1.37,0.34,0.34,0.0,0.0,0.366,0.061,12.0,91.0,1.0
192,0.0,0.0,0.0,0.0,0.0,0.0,0.0,0.0,0.0,0.0,0.0,0.0,0.0,0.0,0.0,0.436,0.0,8.0,17.0,0.0
193,0.1,0.03,0.0,0.0,0.0,0.1,0.37,0.1,0.0,0.43,0.4,0.0,0.0,0.0,0.0,0.034,0.019,113.0,3550.0,1.0
194,0.0,0.0,0.0,0.0,0.0,0.0,0.0,0.0,0.0,2.3,1.53,0.0,0.0,0.0,0.0,0.0,0.0,5.0,67.0,0.0
195,0.0,0.0,1.08,0.0,0.0,0.54,2.17,0.0,0.54,3.26,1.08,0.0,0.0,0.0,0.0,0.34700000000000003,0.0,5.0,53.0,1.0
196,0.91,0.0,1.36,0.0,0.0,0.0,1.82,0.45,0.0,2.73,1.36,0.0,0.0,0.0,0.0,0.368,0.0,17.0,158.0,1.0
197,0.44,1.32,0.0,0.0,0.0,0.0,0.0,0.0,0.44,1.76,2.2,2.2,0.0,0.0,0.0,0.444,0.37,16.0,140.0,1.0
198,0.0,0.0,0.0,0.0,0.0,0.0,0.0,0.0,0.0,2.04,0.0,1.36,0.0,0.0,0.0,0.125,0.0,37.0,261.0,1.0
199,0.28,0.86,0.0,0.0,0.0,0.0,0.0,0.28,0.0,0.28,0.28,0.0,0.0,0.0,0.0,0.0,0.0,772.0,1319.0,1.0
200,0.8,0.8,0.5,0.0,0.8,0.3,0.1,0.0,1.11,1.31,0.7,0.6,0.1,0.0,0.0,0.49,0.158,669.0,1351.0,1.0
201,0.0,0.0,0.0,0.0,0.0,0.0,3.07,0.0,0.0,0.0,0.0,0.0,0.0,0.0,0.0,0.273,0.0,25.0,69.0,1.0
202,0.0,0.4,0.0,0.2,1.43,0.0,0.0,0.0,0.0,2.66,2.04,0.0,0.61,0.0,0.0,0.298,0.149,376.0,909.0,1.0
203,0.0,0.0,0.0,0.0,0.0,0.0,0.0,0.0,0.0,0.0,0.0,0.0,0.0,0.0,0.0,0.0,0.0,1.0,4.0,0.0
204,1.29,0.43,0.43,0.0,0.0,0.0,0.43,0.43,0.43,1.72,0.86,0.0,0.0,0.0,0.0,0.129,0.0,46.0,116.0,1.0
205,0.0,0.0,0.0,0.0,0.0,0.0,0.0,0.0,1.33,0.0,0.0,0.0,0.0,2.66,1.33,0.14400000000000002,0.0,10.0,39.0,0.0
206,1.45,0.34,0.05,0.05,0.05,0.05,0.0,0.69,0.05,4.24,1.04,0.75,0.05,0.0,0.0,0.02,0.163,12.0,458.0,1.0
207,0.55,0.55,0.0,0.27,1.94,0.0,0.27,0.0,1.94,2.5,2.22,0.55,0.55,0.0,0.0,0.273,0.364,48.0,352.0,1.0
208,2.38,0.0,0.0,2.38,2.38,0.0,0.0,7.14,0.0,0.0,2.38,0.0,0.0,0.0,0.0,0.396,0.0,149.0,159.0,1.0
209,0.0,0.0,0.0,0.12,0.0,0.0,0.0,0.0,0.0,0.12,0.0,0.0,0.0,0.9,0.38,0.0,0.0,53.0,1232.0,0.0
210,0.82,0.0,0.0,0.0,0.0,0.0,0.0,0.82,0.0,0.0,0.0,0.0,0.0,0.0,1.65,0.11900000000000001,0.0,6.0,42.0,0.0
211,0.0,0.0,0.0,3.19,0.0,0.0,0.0,0.0,0.0,0.0,0.0,0.0,0.0,0.0,0.0,0.207,0.207,25.0,79.0,1.0
212,0.0,0.0,0.0,0.0,0.0,0.0,0.0,0.0,1.19,0.0,1.19,0.0,0.0,4.76,2.38,0.28600000000000003,0.0,13.0,79.0,0.0
213,0.0,0.0,0.0,0.0,0.0,0.0,0.63,0.0,0.31,4.73,0.63,0.0,0.0,0.0,0.0,0.045,0.0,97.0,414.0,0.0
214,0.0,0.0,0.0,0.0,0.0,0.0,0.0,0.0,0.0,8.95,0.0,0.0,0.0,0.0,0.0,0.0,0.0,7.0,26.0,0.0
215,0.0,0.0,0.0,0.0,0.0,0.0,0.0,0.0,0.0,1.0,0.33,0.0,0.0,8.69,4.68,0.0,0.0,20.0,181.0,0.0
216,0.0,0.0,0.0,0.0,0.0,0.0,0.0,0.0,0.92,3.7,0.92,0.0,0.0,0.0,0.0,0.0,0.0,12.0,71.0,0.0
217,0.0,0.23,0.0,0.46,0.0,0.0,0.0,0.0,0.23,0.23,0.0,0.0,0.0,1.15,0.92,0.159,0.0,13.0,173.0,0.0
218,0.0,0.0,0.0,0.0,0.0,0.0,0.0,0.0,4.44,2.22,2.22,0.0,0.0,0.0,0.0,0.0,0.0,12.0,37.0,0.0
219,0.42,0.0,0.0,0.0,0.0,0.0,0.0,0.0,0.0,0.42,0.0,0.0,0.0,0.0,0.0,0.0,0.0,5.0,294.0,0.0
220,0.56,0.0,0.0,0.0,0.0,0.0,0.0,1.7,0.0,1.13,0.0,0.0,0.0,0.0,0.0,0.0,0.0,13.0,71.0,0.0
221,0.0,0.0,0.0,0.0,0.0,0.0,0.0,0.0,0.0,1.63,0.54,0.0,0.0,1.09,0.54,0.0,0.0,11.0,169.0,0.0
222,0.96,0.0,0.0,0.0,0.48,0.0,0.96,0.96,0.0,1.44,0.48,0.96,0.0,0.0,0.0,0.46799999999999997,0.267,61.0,242.0,1.0
223,0.0,0.0,0.0,1.08,0.0,0.0,0.0,0.0,0.0,0.0,0.0,1.08,0.0,0.0,0.0,0.0,0.389,16.0,73.0,1.0
224,0.0,0.0,0.0,0.0,0.0,0.0,0.0,0.0,0.0,3.12,0.0,0.0,0.0,0.0,0.0,0.0,0.0,1.0,8.0,0.0
225,0.0,0.37,0.0,0.37,0.74,0.37,0.37,0.37,0.37,1.48,2.6,0.0,0.0,0.0,0.0,1.2109999999999999,0.47100000000000003,393.0,736.0,1.0
226,0.29,0.0,0.0,0.0,0.0,0.0,0.0,0.29,0.0,0.0,1.75,0.0,0.0,2.63,0.0,0.07200000000000001,0.0,60.0,242.0,0.0
227,0.0,0.64,0.0,0.0,0.0,0.0,0.0,0.0,0.0,3.84,0.64,0.0,0.0,1.28,0.64,0.225,0.0,12.0,78.0,0.0
228,0.8,0.0,0.8,0.0,0.0,0.0,0.8,0.8,0.8,1.6,1.6,0.0,0.0,0.0,0.0,0.26899999999999996,0.0,19.0,81.0,1.0
229,0.51,0.29,0.07,0.0,0.07,0.07,0.0,0.14,0.44,3.55,1.85,0.0,0.07,0.0,0.0,0.16699999999999998,0.16699999999999998,44.0,795.0,1.0
230,0.0,0.0,0.0,0.0,0.0,0.0,0.0,0.0,0.0,0.0,0.0,0.0,0.0,0.0,0.0,0.0,0.0,2.0,11.0,0.0
231,0.0,0.0,0.0,0.0,0.0,0.0,0.0,0.0,0.0,1.75,0.0,0.0,0.0,1.75,0.87,0.107,0.0,11.0,81.0,0.0
232,0.0,0.0,0.0,0.0,0.0,0.0,0.41,0.0,0.82,3.73,1.24,0.0,0.41,0.0,0.0,0.48,0.5489999999999999,19.0,114.0,1.0
233,0.0,0.0,0.0,0.0,0.0,0.26,0.0,0.0,0.26,0.0,0.0,0.0,0.0,0.26,0.0,0.0,0.036000000000000004,11.0,307.0,0.0
234,4.76,0.0,0.0,0.0,0.0,0.0,0.0,0.0,0.0,0.0,0.0,0.0,0.0,0.0,0.0,0.0,0.0,1.0,6.0,0.0
235,0.36,0.0,0.0,0.0,0.0,0.0,0.0,0.0,0.0,1.08,0.0,0.0,0.0,0.0,0.0,0.063,0.0,43.0,334.0,0.0
236,0.0,0.0,0.0,0.0,0.0,0.0,0.0,0.0,0.0,3.44,0.0,0.0,0.0,0.0,0.0,0.0,0.0,4.0,8.0,0.0
237,0.0,0.0,0.0,0.0,0.0,0.0,0.0,0.0,0.0,0.81,0.0,0.0,0.0,2.45,2.45,0.0,0.0,11.0,47.0,0.0
238,0.34,0.0,0.0,0.0,0.0,0.0,0.0,0.0,0.0,0.34,0.34,0.0,0.0,0.34,0.69,0.0,0.0,14.0,188.0,0.0
239,0.0,0.0,0.0,0.0,0.0,0.0,0.0,0.0,0.58,0.0,0.0,0.0,0.58,1.75,1.16,0.0,0.0,11.0,183.0,0.0
240,0.0,0.0,0.34,0.0,0.0,0.0,0.68,0.0,1.37,1.03,1.03,0.0,0.0,0.0,0.0,0.0,0.0,13.0,119.0,1.0
241,0.24,0.0,0.0,0.0,0.0,0.0,0.0,0.24,0.24,0.24,0.0,0.0,0.24,0.98,0.73,0.0,0.0,13.0,152.0,0.0
242,0.0,0.0,0.0,0.0,0.0,0.0,0.0,0.0,0.0,0.0,0.0,0.0,0.0,0.0,0.0,0.0,0.0,4.0,6.0,0.0
243,0.19,0.19,0.19,0.0,0.95,0.19,0.19,0.0,3.43,1.71,2.09,3.62,0.0,0.0,0.0,0.212,0.303,132.0,742.0,1.0
244,0.0,0.0,0.0,0.0,0.0,0.0,0.0,0.0,2.17,8.69,6.52,0.0,0.0,0.0,0.0,0.0,0.0,3.0,8.0,0.0
245,0.0,0.0,0.0,0.0,0.0,0.0,0.0,0.0,0.0,0.0,0.0,0.0,0.0,0.0,0.0,0.0,0.0,76.0,198.0,0.0
246,0.0,0.0,0.0,0.0,0.0,0.0,0.0,0.0,0.0,0.0,0.0,0.0,0.0,0.0,0.0,0.0,0.0,26.0,37.0,0.0
247,1.47,1.47,1.47,0.0,0.0,0.0,0.0,0.0,0.0,0.0,0.0,0.0,0.0,0.0,0.0,1.5619999999999998,0.0,95.0,170.0,1.0
248,0.0,0.0,0.0,0.0,0.0,0.0,0.0,0.0,0.61,0.0,0.0,0.0,0.0,0.61,0.61,0.0,0.0,19.0,128.0,0.0
249,0.16,0.05,0.0,0.0,0.5,0.0,0.0,0.0,0.05,0.22,0.16,0.0,0.0,0.62,0.67,0.0,0.016,47.0,1090.0,0.0
250,1.57,0.36,0.06,0.06,0.06,0.06,0.0,0.72,0.06,4.54,1.09,0.84,0.06,0.0,0.0,0.01,0.16699999999999998,12.0,442.0,1.0
251,0.0,0.0,0.0,0.0,0.0,0.0,0.0,0.0,0.0,0.0,0.0,0.0,0.0,0.0,0.0,0.0,0.0,5.0,9.0,0.0
252,0.0,0.0,0.0,0.0,0.0,0.0,0.0,0.0,0.0,0.0,0.0,0.0,0.0,0.0,0.0,0.0,0.0,5.0,9.0,0.0
253,0.0,0.0,0.0,0.0,0.0,0.0,0.0,0.0,0.0,0.0,0.0,0.0,0.0,0.0,0.0,0.0,0.0,5.0,6.0,0.0
254,0.09,0.0,0.0,0.0,0.0,0.27,0.0,0.27,0.0,0.0,0.18,0.0,0.0,3.06,0.0,0.0,0.039,24.0,590.0,0.0
255,0.0,0.0,0.0,0.0,0.0,0.0,0.0,0.0,0.0,0.0,0.0,0.0,0.0,6.06,3.03,0.0,0.0,11.0,33.0,0.0
256,0.44,1.32,0.44,0.0,0.0,0.0,0.0,0.0,0.44,1.76,2.2,2.2,0.0,0.0,0.0,0.43,0.358,16.0,137.0,1.0
257,0.15,0.0,0.0,0.0,0.0,0.0,0.0,0.15,0.0,2.6,1.68,0.15,0.0,0.0,0.0,0.069,0.0,23.0,326.0,0.0
258,0.0,0.16,0.0,0.08,0.08,0.08,0.0,0.16,0.0,0.0,0.0,0.0,0.0,3.53,0.0,0.0,0.011000000000000001,18.0,598.0,0.0
259,0.48,0.0,0.0,0.0,0.0,0.0,0.0,0.0,0.0,4.39,0.0,0.0,0.0,0.48,0.0,0.0,0.0,3.0,37.0,0.0
260,0.52,0.0,0.0,0.52,0.0,0.17,0.87,0.0,0.0,1.39,0.87,0.0,0.17,0.0,0.0,0.342,0.716,35.0,336.0,1.0
261,0.47,0.0,1.43,0.0,0.0,0.47,0.47,0.0,1.91,1.91,1.43,0.0,0.0,0.0,0.0,0.073,0.295,54.0,158.0,1.0
262,1.28,0.0,2.56,1.28,1.28,1.28,0.0,5.12,0.0,2.56,5.12,0.0,0.0,0.0,0.0,0.542,0.0,304.0,308.0,1.0
263,2.04,0.0,0.0,0.0,0.0,0.0,1.02,0.0,0.0,1.02,0.0,0.0,0.0,0.0,0.0,0.0,0.0,4.0,23.0,0.0
264,0.0,0.0,0.0,0.0,0.0,0.0,0.0,0.0,0.0,4.16,0.0,0.0,0.0,0.0,0.0,0.0,0.0,4.0,24.0,0.0
265,0.22,0.0,0.0,0.0,1.32,0.0,0.66,0.0,1.54,2.87,1.54,0.0,0.22,0.0,0.0,0.659,0.114,65.0,728.0,1.0
266,0.0,0.0,0.0,0.0,0.0,0.0,0.0,0.0,0.0,6.0,0.0,0.0,0.0,0.0,0.0,0.0,0.0,4.0,12.0,0.0
267,0.0,0.0,0.67,0.33,0.33,0.0,0.0,0.67,1.01,2.02,0.67,0.0,0.0,0.0,0.0,0.0,0.048,6.0,59.0,1.0
268,0.79,0.79,0.0,0.0,0.0,0.0,0.0,0.0,0.0,3.17,0.0,0.0,0.0,0.0,0.0,0.0,0.0,2.0,28.0,0.0
269,0.0,0.0,0.0,0.0,0.0,0.0,0.62,0.62,0.0,1.25,3.12,0.0,0.0,0.0,0.0,1.285,0.075,101.0,363.0,1.0
270,0.0,0.0,0.0,0.0,0.0,0.0,4.0,0.0,0.0,0.0,0.0,0.0,0.0,0.0,0.0,2.597,0.0,26.0,54.0,1.0
271,0.0,0.0,0.0,0.0,0.0,0.0,0.0,0.0,0.0,0.0,0.0,0.0,0.0,0.0,0.0,0.5,0.0,8.0,20.0,0.0
272,0.56,0.0,0.0,0.0,0.0,0.0,0.0,0.0,0.0,1.98,0.28,0.0,0.0,0.85,0.85,0.0,0.0,15.0,155.0,0.0
273,0.21,0.0,0.0,0.0,0.0,0.0,0.0,0.0,0.0,1.91,0.42,0.0,0.0,0.0,0.0,0.0,0.0,3.0,14.0,0.0
274,0.4,0.1,0.1,0.0,0.2,0.4,0.91,0.2,0.0,1.72,1.72,0.4,0.2,0.0,0.0,0.336,0.16,494.0,1426.0,1.0
275,0.47,0.0,0.0,0.47,0.0,0.0,0.47,0.0,0.0,1.88,5.18,0.0,0.0,0.0,0.0,1.6869999999999998,0.168,636.0,744.0,1.0
276,1.1,0.55,2.2,0.0,0.0,0.0,0.0,0.0,0.55,3.31,1.1,0.0,0.0,0.0,0.0,0.496,0.0,148.0,386.0,1.0
277,0.0,0.0,0.0,0.0,0.0,0.0,0.0,0.0,0.0,0.0,0.0,0.0,0.0,0.0,0.0,0.213,0.0,6.0,49.0,0.0
278,0.0,0.0,0.0,0.0,0.0,0.0,0.0,0.0,0.0,0.0,0.0,0.0,0.0,0.0,0.0,0.0,0.0,1.0,8.0,0.0
279,0.0,0.0,0.0,0.0,0.0,0.0,0.0,0.0,1.04,1.04,0.0,0.0,0.0,1.04,0.0,0.179,0.0,13.0,55.0,0.0
280,0.0,0.0,0.0,1.29,0.0,0.0,0.43,0.0,1.73,0.43,0.43,0.0,0.0,0.0,0.0,0.31,0.062,8.0,65.0,1.0
281,0.32,0.0,0.0,0.0,0.0,0.0,0.0,0.0,0.0,0.0,0.0,0.0,0.0,0.0,0.0,0.061,0.0,11.0,71.0,0.0
282,0.57,0.0,0.0,0.0,0.0,0.0,0.0,0.0,0.57,0.0,0.0,0.0,0.0,1.72,0.57,0.0,0.0,12.0,110.0,0.0
283,0.77,0.0,0.0,0.0,0.0,0.0,0.77,0.77,0.0,2.32,2.32,0.0,0.0,0.0,0.0,0.672,0.40299999999999997,29.0,109.0,1.0
284,0.0,0.0,0.0,0.0,0.0,0.0,0.0,0.0,0.0,0.0,0.0,0.0,0.0,0.0,0.0,0.0,0.33799999999999997,29.0,85.0,1.0
285,0.55,0.27,0.27,0.13,1.11,0.0,0.0,0.0,0.0,3.91,2.65,0.13,0.55,0.0,0.0,1.294,0.182,232.0,726.0,1.0
286,0.0,0.0,0.0,0.0,0.0,0.0,0.0,0.0,0.0,0.0,0.0,0.0,0.0,1.36,1.36,0.0,0.0,11.0,80.0,0.0
287,0.19,0.0,0.0,0.19,0.0,0.39,0.98,0.19,0.39,0.59,0.78,0.19,0.0,0.0,0.0,0.16,0.16,31.0,730.0,1.0
288,0.34,0.0,0.0,0.0,0.0,0.0,0.0,0.0,0.34,2.74,1.03,0.0,0.0,0.0,0.0,0.406,0.0,6.0,77.0,0.0
289,0.0,0.0,0.0,0.0,0.0,0.0,4.0,0.0,0.0,0.0,0.0,0.0,0.0,0.0,0.0,0.0,0.0,2.0,10.0,0.0
290,0.0,0.0,0.0,0.0,0.0,0.0,0.0,0.0,0.0,1.28,0.0,0.0,0.0,2.56,1.28,0.0,0.0,11.0,45.0,0.0
291,0.0,0.0,0.0,0.0,0.0,0.0,0.0,0.0,0.0,0.0,0.0,0.0,0.0,0.0,0.0,0.0,0.0,1.0,4.0,0.0
292,1.26,0.0,0.0,0.0,0.0,0.0,1.26,0.0,0.0,2.53,0.0,0.0,0.0,0.0,0.0,0.0,0.0,5.0,18.0,0.0
293,0.0,0.0,0.0,0.0,0.0,0.0,0.0,0.0,0.0,0.76,0.0,0.0,0.0,0.0,0.0,0.0,0.0,10.0,59.0,0.0
294,0.0,0.0,0.0,0.0,0.0,0.0,0.0,0.0,0.0,0.0,0.0,0.0,0.0,0.0,0.0,0.0,0.0,1.0,5.0,0.0
295,0.0,0.0,0.0,0.0,0.0,0.0,0.0,0.0,0.0,1.92,0.0,0.0,0.0,0.0,0.0,0.327,0.327,4.0,43.0,0.0
296,0.81,0.0,0.81,0.0,0.0,0.0,0.0,0.0,0.0,1.22,0.81,0.0,0.0,0.0,0.0,0.0,0.12300000000000001,23.0,302.0,1.0
297,0.0,0.0,0.0,0.0,0.0,0.0,0.0,0.0,0.0,0.0,0.0,0.0,0.0,0.0,0.0,1.234,0.0,5.0,15.0,0.0
298,0.0,0.0,2.3,0.0,0.0,0.76,0.76,0.0,0.76,3.07,2.3,0.0,0.0,0.0,0.0,0.518,0.0,142.0,181.0,1.0
299,0.0,0.0,0.0,0.0,0.0,0.0,0.0,0.0,0.0,0.68,0.0,0.0,0.0,0.0,0.0,0.0,0.0,9.0,36.0,0.0
300,0.0,0.0,0.0,0.0,0.0,0.0,0.0,0.0,0.0,4.85,0.0,0.0,0.0,0.0,0.0,0.0,0.0,47.0,78.0,0.0
301,0.0,0.0,0.0,0.0,0.75,0.0,0.0,0.0,0.0,2.25,0.0,0.0,0.0,0.0,0.0,0.0,0.0,3.0,20.0,0.0
302,0.83,0.16,0.0,0.16,0.0,0.0,0.0,0.0,0.0,2.34,0.67,0.0,0.0,0.0,0.0,0.0,0.0,16.0,135.0,0.0
303,5.55,0.0,0.0,0.0,0.0,0.0,0.0,0.0,0.0,0.0,0.0,0.0,0.0,0.0,0.0,0.0,0.0,3.0,11.0,0.0
304,0.0,0.0,0.0,0.0,0.0,0.0,0.0,0.0,0.0,0.57,0.57,0.0,0.0,0.57,0.0,0.0,0.0,3.0,25.0,0.0
305,0.49,0.0,0.98,0.0,0.49,0.0,0.0,0.0,0.0,1.47,2.46,0.49,0.0,0.0,0.0,0.0,0.0,12.0,197.0,1.0
306,0.0,0.0,0.0,0.0,0.0,0.0,0.0,0.0,0.0,1.68,0.0,0.0,0.0,0.0,0.0,0.11199999999999999,0.336,19.0,222.0,1.0
307,0.0,0.0,0.0,0.0,0.0,0.0,1.85,0.0,0.0,1.85,0.0,1.85,0.0,0.0,0.0,3.79,0.0,29.0,87.0,1.0
308,0.23,0.11,0.0,0.0,1.15,0.0,0.11,0.0,0.0,0.46,0.23,0.0,0.0,0.57,0.69,0.0,0.032,33.0,511.0,0.0
309,0.0,0.0,0.0,0.0,0.0,0.0,0.0,0.0,0.0,4.34,0.0,0.0,0.0,0.0,0.0,0.735,0.0,10.0,18.0,0.0
310,1.92,0.0,0.0,0.0,0.0,0.0,0.0,0.0,0.0,1.92,3.84,0.0,0.0,0.0,0.0,0.0,0.0,12.0,33.0,1.0
311,0.0,0.0,0.0,0.0,0.0,0.0,0.0,0.0,0.0,0.0,0.0,0.0,0.0,0.0,0.0,0.0,0.0,4.0,10.0,0.0
312,1.57,0.0,0.0,0.0,0.0,0.0,1.57,0.78,0.0,1.57,2.36,0.78,0.0,0.0,0.0,0.682,0.341,22.0,115.0,1.0
313,1.28,0.0,0.64,0.0,0.0,0.0,0.64,0.64,0.0,1.28,2.56,0.64,0.0,0.0,0.0,0.5539999999999999,0.369,22.0,119.0,1.0
314,0.0,0.0,0.0,0.0,0.0,0.0,0.0,0.0,0.0,0.0,0.0,0.0,0.0,0.0,0.0,0.0,0.0,11.0,13.0,0.0
315,0.0,0.0,0.0,0.0,0.0,0.0,0.0,0.0,0.0,0.0,0.0,0.0,0.0,0.0,0.0,0.0,0.0,22.0,100.0,1.0
316,0.0,0.0,0.0,0.0,0.0,0.0,0.0,0.0,0.31,0.0,0.31,0.0,0.0,0.63,0.63,0.0,0.0,55.0,191.0,0.0
317,0.0,0.0,0.0,0.0,0.0,0.0,0.0,0.0,0.0,0.0,0.0,0.0,0.0,0.0,0.0,0.0,0.0,3.0,10.0,0.0
318,0.0,0.0,0.0,0.0,0.0,0.0,0.0,0.0,0.0,0.53,0.0,0.0,0.0,0.0,0.0,0.0,0.0,18.0,182.0,0.0
319,0.34,0.0,0.0,0.0,0.57,0.0,0.17,0.0,0.0,1.04,0.92,0.0,0.05,0.0,0.0,0.08900000000000001,0.079,95.0,1310.0,1.0
320,0.0,0.65,0.0,0.0,0.0,0.0,0.0,0.0,0.0,1.31,0.0,0.0,0.0,0.0,0.0,0.0,0.0,47.0,92.0,0.0
321,0.09,0.0,0.0,0.0,0.0,0.0,0.0,0.0,0.0,0.0,0.0,0.0,0.0,0.0,0.0,0.016,0.0,135.0,3315.0,1.0
322,0.0,0.09,0.0,0.0,0.09,0.0,0.09,0.0,0.0,0.09,0.09,0.0,0.0,0.0,0.0,0.034,0.0,47.0,306.0,0.0
323,0.36,0.36,0.0,0.0,0.0,0.0,0.0,0.0,0.0,2.19,0.0,0.0,0.0,0.0,0.0,6.3870000000000005,0.0,4.0,69.0,0.0
324,0.0,0.0,0.0,1.12,0.0,0.0,0.0,0.0,0.0,0.0,0.0,1.12,0.0,0.0,0.0,0.408,0.408,25.0,82.0,1.0
325,0.59,0.0,0.0,0.0,0.0,0.0,0.0,0.0,1.19,0.59,0.0,0.0,0.0,1.78,1.19,0.08800000000000001,0.0,10.0,81.0,0.0
326,0.64,0.0,0.0,0.0,0.0,0.64,0.0,1.29,0.0,1.29,1.29,0.0,0.64,0.0,0.0,0.09300000000000001,0.0,66.0,135.0,1.0
327,0.4,0.1,0.1,0.0,0.2,0.4,0.91,0.2,0.0,1.72,1.72,0.4,0.2,0.0,0.0,0.297,0.156,494.0,1428.0,1.0
328,0.0,0.0,0.0,0.0,0.0,0.0,0.0,0.0,7.69,0.0,0.0,0.0,0.0,0.0,0.0,0.0,0.0,1.0,4.0,0.0
329,0.29,0.0,0.0,0.29,0.0,0.29,0.0,2.93,0.58,1.75,1.75,0.0,0.0,0.0,0.0,0.0,0.0,6.0,113.0,1.0
330,0.0,0.0,0.0,0.0,0.0,0.0,0.0,2.53,5.06,2.53,3.79,0.0,0.0,0.0,0.0,1.9,0.475,11.0,67.0,1.0
331,0.0,0.0,0.0,0.0,1.17,0.14,0.14,0.0,0.14,2.35,0.88,0.0,0.44,0.0,0.0,0.204,0.127,73.0,400.0,1.0
332,0.0,0.0,0.0,0.0,0.0,0.0,0.0,0.0,0.0,0.0,0.0,0.0,0.0,0.0,0.0,0.925,0.0,4.0,13.0,0.0
333,0.0,0.0,0.0,0.0,0.0,0.0,0.0,0.0,0.0,2.19,0.0,0.0,0.0,0.0,0.0,0.0,0.0,15.0,51.0,0.0
334,1.55,0.19,0.77,0.0,0.19,0.0,0.19,0.58,2.33,0.77,0.38,0.19,0.0,0.0,0.0,0.185,0.21600000000000003,11.0,113.0,1.0
335,0.0,0.0,0.0,0.0,0.0,0.0,0.57,0.0,0.0,3.17,0.28,0.0,0.0,0.57,0.0,0.049,0.147,2.0,55.0,0.0
336,0.0,0.0,0.0,0.0,0.0,0.0,0.0,0.0,2.22,4.44,0.0,0.0,0.0,0.0,0.0,0.0,0.0,5.0,14.0,0.0
337,2.18,0.0,0.0,0.0,0.48,0.0,0.0,0.24,0.0,0.48,0.48,0.0,0.0,1.69,0.24,0.0,0.0,73.0,227.0,0.0
338,0.0,0.0,0.0,0.0,0.0,0.0,0.0,0.0,0.0,1.35,1.35,0.0,0.0,0.0,0.0,2.4130000000000003,0.0,37.0,132.0,1.0
339,0.81,0.81,0.0,2.98,0.54,0.27,0.81,1.63,0.27,2.17,2.44,0.0,0.27,0.0,0.0,0.565,0.121,18.0,131.0,1.0
340,0.0,0.0,0.0,0.0,0.0,0.0,0.0,0.0,0.0,0.0,0.0,0.0,0.0,2.0,0.0,0.161,0.0,3.0,15.0,0.0
341,0.25,0.38,0.0,0.0,0.5,0.12,0.69,0.5,0.38,3.49,1.27,0.31,1.08,0.0,0.0,0.435,0.5920000000000001,73.0,1590.0,1.0
342,0.08,0.0,0.0,0.16,0.0,0.0,0.0,0.25,0.0,0.16,0.0,0.0,0.0,2.68,0.0,0.0,0.0,24.0,557.0,0.0
343,0.0,0.0,1.07,0.0,0.0,0.0,2.15,0.0,0.0,0.0,2.15,0.0,0.0,0.0,0.0,0.145,0.43700000000000006,10.0,62.0,1.0
344,0.54,0.0,0.0,0.0,0.0,0.0,0.0,0.0,0.0,0.0,0.0,0.0,0.0,0.54,0.54,0.091,0.0,5.0,40.0,0.0
345,1.04,0.0,0.0,1.39,0.34,0.0,0.0,0.0,0.0,3.83,1.04,0.34,0.0,0.0,0.0,0.157,0.105,60.0,142.0,1.0
346,0.61,0.3,0.4,0.1,1.42,0.1,0.1,0.0,1.11,2.23,2.03,0.0,0.3,0.0,0.0,1.01,0.397,56.0,1043.0,1.0
347,0.0,0.0,0.37,0.0,0.0,0.0,0.74,0.37,0.37,0.74,0.37,0.0,0.0,0.0,0.0,0.24100000000000002,0.06,18.0,143.0,1.0
348,0.0,0.0,0.0,0.0,0.0,0.0,0.0,0.0,0.0,0.0,0.0,0.0,0.0,0.0,0.0,0.0,0.0,5.0,9.0,0.0
349,0.75,0.0,0.0,0.0,0.25,0.0,0.0,0.5,0.0,3.29,1.01,0.0,0.0,0.0,0.0,0.040999999999999995,0.124,32.0,210.0,1.0
350,1.48,0.0,0.0,0.0,0.49,0.0,0.66,0.33,0.0,0.82,0.49,0.0,0.0,0.0,0.0,0.616,0.0,128.0,549.0,1.0
351,0.0,0.0,0.0,0.0,0.0,0.0,0.0,0.0,0.0,1.69,0.0,0.0,0.0,0.0,0.0,0.0,0.0,1.0,12.0,0.0
352,0.0,0.0,0.0,0.0,0.0,0.0,0.0,0.0,0.0,0.0,0.0,0.0,0.0,0.0,0.0,0.0,0.0,28.0,286.0,0.0
353,0.0,0.0,0.0,1.05,0.0,0.52,1.05,0.0,0.0,3.7,1.05,1.58,0.52,0.0,0.0,0.7020000000000001,0.263,47.0,266.0,1.0
354,0.0,0.58,0.07,0.14,0.66,0.14,0.14,0.0,0.0,2.35,1.25,0.58,0.29,0.0,0.0,0.319,0.266,145.0,1163.0,1.0
355,0.0,0.0,0.0,0.0,0.0,0.0,0.0,0.0,0.0,3.41,0.0,0.0,0.0,0.31,0.0,0.225,0.0,4.0,28.0,0.0
356,0.87,0.0,0.87,0.0,0.0,0.0,2.63,0.0,0.87,2.63,0.0,0.0,0.0,0.0,0.0,0.7979999999999999,0.159,136.0,203.0,0.0
357,0.07,0.07,0.0,0.0,0.74,0.0,0.0,0.0,0.07,0.29,0.22,0.0,0.0,0.67,0.74,0.0,0.021,45.0,706.0,0.0
358,0.0,0.0,0.0,0.0,0.06,0.03,0.0,0.03,0.12,0.03,0.0,0.0,0.0,0.46,0.27,0.128,0.0,49.0,1827.0,0.0
359,0.54,0.0,1.08,0.0,0.0,0.0,0.54,0.54,0.0,4.32,1.08,1.62,0.0,0.0,0.0,1.18,0.252,68.0,181.0,1.0
360,0.0,0.0,0.0,0.0,0.0,0.0,0.0,0.0,0.0,0.0,0.0,0.0,0.0,3.44,1.72,0.0,0.0,11.0,38.0,0.0
361,0.0,0.0,1.58,0.0,0.0,0.0,0.0,0.0,0.0,1.58,0.0,0.0,0.0,0.0,0.0,0.5579999999999999,0.27899999999999997,23.0,36.0,1.0
362,0.0,0.0,0.0,0.0,0.0,0.0,0.0,0.0,0.0,0.0,0.0,0.0,0.0,0.0,0.0,0.0,0.0,4.0,6.0,0.0
363,0.0,0.0,0.0,0.0,0.0,0.0,0.0,0.0,0.0,0.0,0.0,0.0,0.0,0.0,0.0,0.0,0.0,3.0,16.0,0.0
364,0.82,0.36,0.0,0.36,0.27,0.09,1.18,0.27,2.1,2.73,2.83,0.09,0.27,0.0,0.0,0.611,0.013999999999999999,127.0,875.0,1.0
365,0.0,0.0,0.0,0.0,0.0,0.0,0.0,0.0,0.0,0.0,0.0,0.0,0.0,0.0,0.0,0.0,0.0,13.0,35.0,0.0
366,0.0,0.0,0.86,0.0,0.0,0.0,0.86,0.0,1.73,3.47,1.73,0.0,0.0,0.0,0.0,0.457,0.0,10.0,55.0,1.0
367,0.0,0.0,0.0,0.0,0.0,0.0,0.0,0.91,0.0,0.0,0.91,0.0,0.0,1.83,0.0,0.249,0.0,14.0,67.0,0.0
368,0.0,0.0,0.0,0.0,0.0,0.0,0.0,0.0,0.0,0.0,0.0,0.0,0.0,12.5,0.0,0.0,0.0,18.0,41.0,0.0
369,1.51,0.0,0.0,0.0,0.0,0.5,0.0,0.0,0.0,4.04,3.03,0.0,0.0,0.0,0.0,0.08900000000000001,0.17800000000000002,53.0,164.0,1.0
370,0.0,0.0,0.0,0.0,0.83,0.0,0.0,0.0,0.0,0.83,2.5,0.0,0.0,0.0,0.0,0.0,0.0,11.0,59.0,0.0
371,0.4,0.4,0.4,0.4,0.0,0.4,0.4,0.0,0.0,3.6,2.0,0.0,0.4,0.0,0.0,0.124,0.0,12.0,97.0,1.0
372,0.36,0.09,0.0,0.18,0.09,0.0,0.0,0.0,0.0,2.01,3.38,0.36,0.09,0.0,0.0,0.257,0.032,69.0,535.0,1.0
373,0.0,0.0,0.0,0.0,0.0,0.0,0.0,0.0,0.0,0.0,0.0,0.0,0.0,0.0,0.0,0.0,0.0,1.0,5.0,0.0
374,1.58,0.79,0.0,0.0,0.0,0.0,0.0,0.0,0.79,0.0,0.0,0.0,0.0,1.58,1.58,0.0,0.0,15.0,103.0,0.0
375,0.0,0.8,0.0,0.0,0.0,0.0,0.0,0.0,0.0,2.4,0.0,0.0,0.0,0.0,0.0,0.7090000000000001,0.0,39.0,305.0,1.0
376,0.0,0.0,0.0,0.0,0.0,0.0,0.0,0.0,0.0,0.0,0.0,0.0,0.0,0.0,0.0,0.6659999999999999,0.0,3.0,11.0,0.0
377,0.0,0.0,0.0,0.0,0.0,0.0,3.12,0.0,0.0,0.0,0.0,0.0,0.0,0.0,0.0,0.462,0.0,6.0,25.0,1.0
378,0.0,0.0,0.0,0.0,0.0,0.0,1.28,0.0,0.0,0.85,0.42,0.0,0.0,1.7,1.28,0.0,0.0,12.0,144.0,0.0
379,0.88,0.22,0.0,0.0,0.0,0.0,0.0,0.0,0.0,0.66,0.44,0.0,0.0,0.0,0.0,0.0,0.187,21.0,264.0,1.0
380,0.0,0.0,0.0,0.0,0.0,0.0,0.0,0.0,0.0,0.0,0.0,0.0,0.0,3.12,3.12,0.0,0.0,24.0,69.0,0.0
381,0.0,0.0,0.0,0.0,0.0,0.0,0.0,0.0,0.0,0.0,0.0,0.0,0.0,3.84,3.84,0.0,0.0,17.0,69.0,0.0
382,0.0,0.0,0.0,0.0,0.0,0.0,0.0,0.0,0.0,0.0,0.0,0.0,0.0,0.0,0.0,0.0,0.0,2.0,11.0,0.0
383,3.48,0.0,0.0,0.58,0.58,0.0,1.74,0.0,0.0,1.16,3.48,0.0,0.58,0.0,0.0,0.165,0.08199999999999999,12.0,102.0,1.0
384,0.24,0.0,0.12,0.0,0.0,0.12,0.12,0.0,0.6,0.36,0.6,0.0,0.0,0.0,0.0,0.34,0.0,158.0,1234.0,1.0
385,0.0,0.0,1.14,0.0,0.0,0.0,0.0,0.0,0.0,2.29,2.29,0.0,0.0,0.0,0.0,0.0,0.0,6.0,27.0,1.0
386,1.25,0.0,0.0,0.25,0.0,0.25,0.25,0.0,0.0,2.01,1.76,0.0,0.0,0.0,0.0,0.031,0.0,114.0,616.0,1.0
387,0.0,0.0,0.0,0.0,0.0,0.0,0.0,0.0,0.0,2.63,2.63,0.0,0.0,0.0,0.0,0.0,0.0,4.0,16.0,0.0
388,0.58,0.0,0.58,0.58,0.0,0.0,0.58,0.58,0.58,0.58,1.74,0.0,1.16,0.0,0.0,0.239,0.239,123.0,207.0,1.0
389,0.0,0.0,0.0,0.0,0.0,0.0,0.0,0.0,0.0,0.0,0.0,0.0,0.0,0.0,0.0,0.0,0.0,16.0,31.0,0.0
390,1.79,0.44,0.0,0.0,0.0,0.0,1.34,0.0,0.0,2.24,4.48,0.0,0.0,0.0,0.0,0.0,0.0,12.0,144.0,1.0
391,0.09,0.28,0.09,0.09,0.38,0.0,0.19,0.0,0.0,2.01,1.43,0.0,0.19,0.0,0.0,0.08800000000000001,0.124,50.0,368.0,1.0
392,0.0,0.0,0.0,0.0,0.0,0.0,1.03,0.0,0.0,3.09,0.0,0.0,0.0,0.0,0.0,0.0,0.0,47.0,91.0,0.0
393,0.0,0.0,2.32,0.0,0.0,0.0,0.0,0.0,0.0,4.65,4.65,0.0,0.0,0.0,0.0,0.701,0.35,6.0,33.0,1.0
394,0.0,0.18,0.0,0.0,0.0,0.0,0.0,0.0,0.0,0.0,0.0,0.0,0.0,1.12,1.3,0.0,0.0,44.0,479.0,0.0
395,0.0,0.0,0.0,0.0,0.0,0.0,0.0,0.0,0.0,4.0,2.0,0.0,0.0,0.0,0.0,0.0,0.0,1.0,9.0,0.0
396,10.0,0.0,0.0,0.0,0.0,0.0,0.0,0.0,0.0,0.0,0.0,0.0,0.0,10.0,0.0,0.0,0.0,2.0,4.0,0.0
397,0.0,0.0,0.0,0.0,0.0,0.0,0.0,0.0,0.0,0.37,0.0,0.0,0.0,0.0,0.0,0.059000000000000004,0.0,43.0,311.0,0.0
398,0.0,0.0,0.0,0.0,0.0,0.0,0.0,0.0,0.0,2.46,1.23,0.0,0.0,0.0,0.0,0.0,0.0,2.0,17.0,0.0
399,0.0,0.0,0.0,1.11,0.0,0.0,0.0,0.0,0.0,0.0,0.0,1.11,0.0,0.0,0.0,0.20800000000000002,0.41600000000000004,23.0,79.0,1.0
400,0.11,0.22,0.05,0.11,0.0,0.11,0.0,0.0,0.39,3.46,1.76,0.56,0.34,0.0,0.0,0.441,0.42100000000000004,116.0,1449.0,1.0
401,0.0,0.0,0.0,0.0,0.0,0.0,0.0,0.0,0.0,0.0,0.0,0.0,0.0,15.38,0.0,0.0,0.0,17.0,25.0,0.0
402,0.05,0.13,0.05,0.26,0.44,0.26,0.26,0.44,0.0,3.24,1.5,1.02,0.34,0.0,0.0,0.32899999999999996,0.78,193.0,3059.0,1.0
403,0.0,0.0,0.0,3.04,0.0,0.0,0.6,0.0,0.0,0.6,1.21,0.0,0.0,1.21,1.82,0.077,0.0,33.0,177.0,0.0
404,0.59,0.0,0.0,0.0,0.0,0.0,0.0,0.0,0.0,0.0,0.0,0.0,0.0,1.79,1.49,0.0,0.0,24.0,174.0,0.0
405,0.23,0.11,0.0,0.0,0.82,0.11,0.0,0.11,0.0,4.84,1.77,0.0,0.23,0.0,0.0,0.13,0.168,175.0,795.0,1.0
406,0.4,0.0,0.0,0.0,0.67,0.0,0.2,0.0,0.0,1.14,1.21,0.0,0.06,0.0,0.0,0.096,0.085,144.0,845.0,1.0
407,0.0,0.0,0.0,0.0,0.0,0.0,0.0,0.0,0.0,9.09,0.0,0.0,0.0,0.0,0.0,0.0,0.0,1.0,5.0,0.0
408,0.72,0.48,0.0,0.0,0.24,0.48,0.48,0.0,0.0,1.2,1.44,0.48,0.24,0.0,0.0,0.036000000000000004,0.184,66.0,264.0,1.0
409,0.0,0.0,0.0,0.0,0.52,0.0,0.0,0.0,0.0,4.16,4.68,0.0,0.0,0.0,0.0,0.36700000000000005,0.073,27.0,103.0,1.0
410,0.0,0.0,0.0,0.0,0.0,0.0,0.0,0.0,0.0,2.12,0.0,0.0,0.0,0.0,0.0,0.0,0.0,5.0,14.0,0.0
411,0.29,0.29,0.0,0.29,0.0,0.29,0.87,0.29,0.43,3.66,1.31,0.0,0.0,0.0,0.0,0.265,0.0,38.0,437.0,1.0
412,0.0,0.0,0.0,0.57,0.0,0.0,0.0,0.0,0.0,5.14,1.14,2.85,0.0,0.0,0.0,0.21100000000000002,0.74,32.0,116.0,1.0
413,0.0,0.0,0.0,0.0,0.0,0.0,0.0,0.0,0.0,0.0,0.0,0.0,0.0,0.0,0.0,0.0,0.0,11.0,26.0,0.0
414,0.7,0.0,0.7,0.23,0.0,0.0,1.65,0.7,0.23,2.12,1.65,0.0,0.23,0.0,0.0,1.3619999999999999,0.037000000000000005,111.0,576.0,1.0
415,0.0,0.0,0.0,0.0,0.0,0.0,0.0,0.0,0.0,2.46,0.0,0.0,0.0,0.0,0.0,0.0,0.11800000000000001,5.0,35.0,0.0
416,0.0,0.0,0.0,0.0,0.0,0.0,0.0,0.0,0.0,0.0,0.0,0.0,0.0,0.0,0.0,0.0,0.0,1.0,5.0,0.0
417,0.0,0.0,0.0,0.0,0.0,0.0,0.29,0.29,0.0,2.38,0.29,0.0,0.0,1.19,0.59,0.344,0.0,17.0,212.0,0.0
418,0.58,0.0,0.0,0.0,0.0,0.0,0.0,0.0,0.0,2.9,0.0,0.0,0.0,0.0,0.0,0.08199999999999999,0.0,17.0,115.0,0.0
419,0.0,0.0,0.0,0.0,0.0,0.0,0.44,0.0,0.44,0.0,0.44,0.0,0.0,0.0,0.0,0.0,0.0,70.0,303.0,0.0
420,0.94,0.0,0.0,0.31,0.0,0.0,0.0,0.0,0.0,0.94,1.26,0.0,0.0,0.0,0.0,0.07400000000000001,0.0,39.0,246.0,0.0
421,0.0,0.0,0.0,0.0,0.0,0.71,0.71,0.0,0.0,5.0,0.0,0.0,0.0,0.0,0.0,0.0,0.0,5.0,43.0,0.0
422,0.32,0.0,0.0,0.0,0.0,0.0,0.32,0.0,1.29,2.59,1.29,0.0,0.0,0.0,0.0,0.531,0.0,121.0,334.0,1.0
423,0.32,0.0,0.0,0.32,0.32,0.0,2.56,0.96,0.0,3.84,0.96,0.0,0.0,0.0,0.0,0.49200000000000005,0.0,25.0,166.0,1.0
424,0.76,0.0,0.0,0.0,0.0,0.0,0.0,0.0,0.0,0.0,0.76,0.0,0.0,0.76,0.76,0.48700000000000004,0.0,22.0,90.0,0.0
425,0.19,0.09,0.0,0.0,0.0,0.0,0.0,0.0,0.29,0.89,0.29,0.0,0.0,0.49,0.49,0.016,0.0,17.0,178.0,0.0
426,0.0,0.0,0.0,0.0,0.0,0.0,0.0,0.0,0.0,1.47,0.36,0.0,0.0,0.0,0.0,0.063,0.0,43.0,359.0,0.0
427,0.0,0.0,0.0,0.0,0.0,0.0,1.38,0.0,0.0,1.38,0.0,0.0,0.0,0.0,0.0,0.0,0.0,9.0,35.0,0.0
428,0.0,0.0,0.0,0.0,0.0,0.0,0.0,0.0,0.0,1.31,0.0,0.0,0.0,0.0,0.0,0.0,0.0,3.0,33.0,0.0
429,0.0,0.78,0.0,2.34,0.0,0.78,0.0,0.78,0.0,3.12,0.78,0.78,0.0,0.0,0.0,0.889,0.0,15.0,49.0,1.0
430,0.0,0.0,0.0,0.0,0.0,0.0,0.0,0.0,0.0,1.55,1.16,0.0,0.0,0.0,0.0,0.0,0.0,4.0,37.0,0.0
431,0.0,0.0,0.0,0.0,0.0,0.0,0.0,0.7,0.0,1.4,1.4,0.0,0.0,0.0,0.0,0.0,0.0,200.0,378.0,0.0
432,0.0,0.0,0.0,0.0,0.0,0.0,0.6,0.0,0.0,0.0,0.0,0.0,0.6,0.0,0.0,0.102,0.716,43.0,185.0,1.0
433,0.39,0.0,0.0,0.0,0.0,0.0,0.0,0.0,0.0,1.19,0.0,0.0,0.0,2.77,1.98,0.0,0.0,13.0,141.0,0.0
434,0.0,0.0,0.0,0.0,0.0,0.0,0.0,0.0,0.0,1.41,0.0,0.0,0.0,0.0,0.0,0.0,0.0,6.0,39.0,0.0
435,0.0,0.0,0.0,0.0,0.0,0.0,0.0,0.0,0.0,0.0,2.38,0.0,0.0,2.38,0.0,0.374,0.0,15.0,57.0,0.0
436,0.97,0.0,0.97,0.0,0.0,0.0,0.97,0.0,0.0,0.0,1.94,0.0,0.0,0.0,0.0,0.8340000000000001,0.0,68.0,116.0,1.0
437,1.21,0.0,0.0,0.0,0.0,0.0,0.0,0.0,0.0,0.0,1.21,0.0,0.0,0.0,0.0,0.0,0.0,3.0,24.0,0.0
438,1.85,0.0,0.0,0.0,0.0,0.0,0.0,0.0,0.0,1.85,0.0,0.0,0.0,0.0,0.0,0.0,0.0,4.0,12.0,0.0
439,0.0,0.0,0.0,0.0,0.0,0.0,0.0,0.0,0.0,2.63,0.75,0.0,0.0,0.0,0.0,0.0,0.0,5.0,86.0,0.0
440,0.0,0.0,0.0,0.0,0.0,0.0,0.0,0.0,0.0,1.2,0.0,0.0,0.0,2.4,1.2,0.0,0.0,11.0,37.0,0.0
441,0.0,0.0,0.0,0.0,0.0,0.0,0.57,0.0,0.0,0.0,1.73,0.0,0.0,2.31,0.0,0.0,0.0,12.0,76.0,0.0
442,0.0,0.0,0.0,0.0,0.0,0.0,0.0,0.0,0.0,2.32,0.0,0.0,0.0,0.0,0.0,0.314,0.0,10.0,47.0,0.0
443,0.53,0.62,0.44,0.17,0.79,0.26,0.62,0.08,1.33,2.66,1.15,0.79,0.08,0.0,0.0,0.225,0.21100000000000002,583.0,1345.0,1.0
444,0.0,0.0,0.0,0.0,0.0,0.0,0.0,0.0,0.0,0.0,0.0,0.0,0.0,0.0,0.0,0.74,0.0,7.0,26.0,0.0
445,0.64,0.64,0.32,0.32,0.0,0.0,0.32,0.32,0.0,2.27,3.24,0.0,0.32,0.0,0.0,0.0,0.159,10.0,143.0,1.0
446,0.76,0.0,0.76,0.51,0.0,0.0,0.0,0.25,1.79,1.53,1.79,0.76,0.0,0.0,0.0,0.45799999999999996,0.499,19.0,248.0,1.0
447,0.0,0.0,1.78,0.0,0.0,0.0,0.0,0.0,0.0,3.57,0.0,0.0,0.0,0.0,0.0,0.586,0.0,4.0,17.0,0.0
448,0.0,0.0,0.0,0.0,0.0,0.0,0.0,0.0,0.0,0.0,2.12,0.0,0.0,0.0,0.0,0.0,0.0,16.0,45.0,0.0
449,0.0,0.0,0.0,0.0,0.0,0.0,0.0,0.0,0.0,2.94,0.0,0.0,0.0,0.0,0.0,0.0,0.0,1.0,7.0,0.0
450,0.0,0.0,0.0,0.0,0.0,0.0,0.0,0.53,0.0,1.6,1.06,0.0,0.0,0.0,0.0,0.311,0.0,11.0,43.0,1.0
451,0.41,0.0,0.0,0.0,0.41,0.0,0.0,0.41,0.0,1.66,1.25,0.0,0.0,0.0,0.0,0.0,0.0,54.0,255.0,1.0
452,0.0,0.0,0.0,0.0,0.0,0.0,0.0,0.0,0.0,1.06,0.0,0.0,0.0,3.19,1.06,0.168,0.0,7.0,63.0,0.0
453,0.41,0.0,0.82,0.0,0.0,0.0,0.0,0.41,0.0,2.46,1.23,0.41,0.0,0.0,0.0,0.513,0.114,44.0,189.0,1.0
454,0.54,0.27,0.0,1.62,0.0,0.0,0.0,0.0,0.27,2.16,2.7,0.0,0.0,0.0,0.0,0.46299999999999997,0.0,65.0,405.0,1.0
455,0.39,0.19,0.0,0.0,0.09,0.0,0.0,0.09,0.0,3.75,1.08,0.0,0.09,0.0,0.0,5.848,1.3130000000000002,54.0,757.0,1.0
456,0.0,0.0,0.0,0.0,0.0,0.0,0.0,0.0,0.0,5.55,0.0,0.0,0.0,0.0,0.0,0.0,0.0,1.0,2.0,0.0
457,0.68,0.34,0.34,0.0,0.0,0.0,2.04,0.0,0.34,4.76,2.38,0.0,0.34,0.0,0.0,0.222,0.0,56.0,328.0,1.0
458,0.41,0.0,0.41,0.82,0.41,1.65,2.47,1.65,0.0,1.23,2.06,0.0,0.82,0.0,0.0,0.53,0.132,76.0,301.0,1.0
459,0.0,0.0,0.0,0.0,0.0,0.0,0.79,0.79,1.58,3.17,1.58,0.0,0.0,0.0,0.0,0.271,0.135,26.0,114.0,1.0
460,0.35,0.62,0.53,0.17,0.62,0.26,0.62,0.08,1.43,2.5,1.16,0.89,0.08,0.0,0.0,0.212,0.185,583.0,1329.0,1.0
461,0.0,0.0,0.0,0.0,0.0,0.0,0.0,0.0,0.0,0.0,0.0,0.0,0.0,8.69,0.0,0.0,0.0,28.0,150.0,0.0
462,0.0,0.0,0.0,0.0,0.0,0.0,1.85,0.0,0.0,1.85,0.0,0.0,0.0,0.0,0.0,1.55,0.0,13.0,82.0,1.0
463,0.0,0.0,0.0,0.0,0.0,0.0,0.14,0.0,0.14,0.14,0.14,0.0,0.0,0.0,0.0,0.022000000000000002,0.0,70.0,422.0,0.0
464,0.0,0.0,0.0,0.0,0.0,0.0,0.0,0.0,0.0,0.0,0.0,0.0,0.0,0.0,0.0,0.0,0.0,4.0,18.0,0.0
465,0.59,0.0,0.0,0.0,0.29,0.0,0.0,0.29,0.0,0.0,0.59,0.0,0.0,0.59,0.0,0.078,0.0,121.0,618.0,0.0
466,0.39,0.0,0.13,0.0,0.0,0.0,0.26,0.0,0.13,3.14,1.44,0.13,0.26,0.0,0.0,0.022000000000000002,0.022000000000000002,107.0,1096.0,1.0
467,0.0,0.0,1.63,0.0,0.0,1.63,0.81,0.0,0.0,4.09,0.0,0.0,0.0,0.0,0.0,1.212,0.0,71.0,191.0,1.0
468,0.0,0.0,0.0,0.0,0.0,0.0,0.0,0.0,0.0,7.5,0.0,0.0,0.0,0.0,0.0,0.0,0.0,5.0,15.0,0.0
469,0.0,0.0,0.0,0.0,0.0,0.0,0.0,0.0,0.0,2.46,2.46,0.0,0.0,0.0,0.0,0.415,0.0,9.0,42.0,1.0
470,1.36,0.45,0.45,0.0,0.0,0.0,0.45,0.45,0.45,1.81,0.9,0.0,0.0,0.0,0.0,0.135,0.0,46.0,117.0,1.0
471,0.99,0.0,0.49,0.99,0.0,0.0,0.49,0.99,0.74,1.98,0.99,0.0,0.49,0.0,0.0,0.847,0.077,114.0,499.0,1.0
472,0.0,0.0,0.0,0.0,0.0,0.0,0.0,0.0,0.0,0.0,0.0,0.0,0.0,0.0,0.0,0.0,0.0,3.0,34.0,0.0
473,0.0,0.0,0.0,0.0,0.0,0.0,0.0,0.0,0.0,0.0,0.0,0.0,0.0,0.0,0.0,0.0,0.0,7.0,41.0,0.0
474,0.0,0.0,0.0,0.0,0.0,0.0,0.0,0.0,0.0,1.69,0.0,0.0,1.69,0.0,0.0,0.0,0.0,2.0,15.0,0.0
475,0.0,0.0,0.0,0.0,0.0,0.0,0.0,0.0,0.68,4.08,0.68,0.0,0.0,0.0,0.0,0.0,0.0,6.0,45.0,0.0
476,0.45,0.0,0.0,0.0,0.0,0.0,0.45,0.0,0.91,1.36,1.36,0.0,0.0,0.0,0.0,1.501,0.0,61.0,200.0,1.0
477,0.05,0.13,0.05,0.26,0.42,0.26,0.1,0.47,0.0,3.23,1.49,0.99,0.34,0.0,0.0,0.32799999999999996,0.858,199.0,3160.0,1.0
478,0.0,0.0,0.0,0.0,0.0,0.0,0.0,0.0,0.0,0.0,0.0,0.0,0.0,0.0,0.0,0.0,0.0,11.0,79.0,0.0
479,0.0,0.0,0.0,0.0,0.0,0.0,0.0,0.0,0.0,1.72,0.0,0.0,0.0,0.0,0.0,0.0,0.0,8.0,33.0,0.0
480,0.0,0.0,0.32,0.0,0.32,0.0,0.0,0.0,0.32,0.98,2.63,0.0,0.0,0.0,0.0,0.0,0.0,118.0,338.0,0.0
481,0.0,0.0,0.0,0.0,0.0,0.0,0.0,0.0,0.0,1.55,3.79,0.0,0.0,0.69,0.69,0.0,0.0,5.0,183.0,0.0
482,0.0,0.0,0.0,0.0,0.0,0.0,0.0,0.0,0.0,0.0,0.0,0.0,0.0,0.0,0.0,0.0,0.0,6.0,69.0,0.0
483,0.0,0.0,0.0,0.0,0.0,0.0,0.0,0.0,0.0,4.76,0.0,0.0,0.0,0.0,0.0,0.0,0.0,3.0,11.0,0.0
484,0.0,0.0,0.0,0.0,0.0,0.0,0.0,0.0,0.0,2.04,0.0,0.0,0.0,0.0,0.0,0.141,0.0,43.0,319.0,0.0
485,0.0,0.0,0.0,0.0,0.0,0.0,0.0,0.0,0.0,0.26,0.26,0.0,0.0,0.26,1.05,0.0,0.0,50.0,237.0,0.0
486,0.0,0.0,1.94,0.0,0.0,0.0,2.91,3.88,0.0,1.94,1.94,0.0,1.94,0.0,0.0,0.52,0.13,26.0,94.0,1.0
487,0.0,0.0,0.0,0.0,0.0,0.0,0.0,0.0,0.0,0.0,0.0,0.0,0.0,0.0,0.0,0.51,0.34,23.0,79.0,1.0
488,0.5,0.0,1.01,0.0,0.0,0.76,1.26,0.25,0.25,1.77,1.26,0.0,0.0,0.0,0.0,0.18899999999999997,0.0,447.0,646.0,1.0
489,0.0,1.4,0.0,0.0,0.0,0.0,2.81,0.0,0.0,0.0,0.0,0.0,0.0,0.0,0.0,0.963,0.0,17.0,57.0,1.0
490,0.44,1.32,0.0,0.0,0.0,0.0,0.0,0.0,0.44,1.76,2.2,2.2,0.0,0.0,0.0,0.444,0.37,16.0,140.0,1.0
491,0.0,2.3,0.0,0.0,0.0,0.0,0.0,0.0,0.0,2.3,1.53,0.0,0.0,0.0,0.0,2.8939999999999997,0.868,25.0,157.0,1.0
492,0.0,0.0,0.0,0.0,0.0,0.0,0.0,0.0,0.0,0.0,0.0,0.0,0.0,0.0,0.0,0.171,0.342,24.0,80.0,1.0
493,0.0,0.0,0.0,0.0,0.0,0.0,0.0,0.0,0.0,0.0,0.0,0.0,0.0,8.1,5.4,0.0,0.0,2.0,8.0,0.0
494,0.68,0.34,0.34,0.0,0.0,0.0,2.04,0.0,0.34,4.76,2.38,0.0,0.34,0.0,0.0,0.215,0.0,56.0,328.0,1.0
495,0.77,0.0,0.0,0.38,0.0,0.38,0.38,0.38,1.15,4.24,6.17,0.0,0.0,0.0,0.0,0.109,0.0,4.0,95.0,0.0
496,2.46,0.0,0.0,0.0,0.0,0.0,0.0,0.0,0.0,2.46,1.23,0.0,0.0,0.0,0.0,0.0,0.0,3.0,14.0,0.0
497,0.27,0.0,0.0,0.55,0.0,0.0,0.0,0.0,0.0,0.0,0.0,0.0,0.0,6.64,4.15,0.0,0.0,57.0,430.0,0.0
498,0.0,0.0,0.0,0.0,0.0,0.0,0.0,0.0,2.0,0.0,0.0,0.0,0.0,4.0,2.0,0.0,0.0,10.0,29.0,0.0
499,0.0,0.0,0.0,0.0,0.0,0.0,0.0,0.0,0.0,1.4,0.56,0.0,0.0,3.37,1.4,0.0,0.0,15.0,207.0,0.0
500,0.0,0.44,0.0,0.0,0.0,0.0,0.44,0.0,0.44,0.44,0.44,0.0,0.0,0.0,0.0,0.0,0.0,122.0,390.0,0.0
501,0.13,0.03,0.13,0.1,0.54,0.3,0.27,0.43,0.03,3.2,1.45,0.37,0.6,0.0,0.0,0.456,0.5,129.0,2220.0,1.0
502,0.0,0.0,0.0,0.59,0.0,0.0,0.0,0.0,0.0,5.32,1.18,2.95,0.0,0.0,0.0,0.109,0.763,32.0,114.0,1.0
503,0.0,0.0,0.0,0.0,0.0,0.0,0.0,0.0,0.0,4.8,1.6,0.0,0.0,0.0,0.0,0.0,0.0,1.0,11.0,0.0
504,0.0,0.0,0.0,0.0,0.0,0.0,0.0,0.0,0.0,1.33,1.33,0.0,0.0,4.0,0.0,0.21100000000000002,0.0,4.0,29.0,0.0
505,0.63,0.23,0.07,0.23,0.0,0.07,0.47,0.31,0.31,2.76,1.49,0.55,0.31,0.0,0.0,1.1320000000000001,0.077,77.0,707.0,1.0
506,0.0,0.0,0.0,0.0,0.0,0.0,0.0,0.0,0.0,0.0,0.0,0.0,0.0,0.0,0.0,0.0,0.0,1.0,5.0,0.0
507,0.0,0.0,0.0,0.0,0.0,0.0,0.0,0.0,0.0,11.11,0.0,0.0,0.0,0.0,0.0,0.0,0.0,2.0,5.0,0.0
508,0.0,0.0,0.0,0.0,0.0,0.0,0.0,0.0,0.39,0.98,0.98,0.0,0.0,0.19,0.0,0.027999999999999997,0.0,15.0,537.0,0.0
509,0.81,0.0,0.0,0.0,0.0,0.0,0.0,0.0,0.0,0.81,1.63,0.0,0.0,0.0,0.0,0.121,0.0,26.0,151.0,1.0
510,1.11,1.11,0.27,0.0,0.0,0.0,0.83,1.11,0.27,1.38,1.11,0.55,0.0,0.0,0.0,0.638,0.0,17.0,196.0,1.0
511,0.5,0.0,0.0,0.0,0.0,0.0,0.0,0.0,0.0,1.01,0.0,0.0,0.0,1.01,0.5,0.502,0.0,11.0,113.0,0.0
512,1.13,0.0,1.13,0.0,0.0,0.0,1.13,1.13,0.0,1.13,0.0,0.0,0.0,0.0,0.0,0.0,0.0,17.0,106.0,1.0
513,0.0,0.0,0.0,0.0,0.0,0.0,0.0,0.0,0.0,0.0,0.0,0.0,0.0,0.0,0.0,0.0,0.0,1.0,3.0,0.0
514,0.27,0.2,0.0,0.27,0.27,0.41,1.11,0.69,0.06,2.37,1.04,0.06,0.69,0.0,0.0,0.75,0.305,94.0,966.0,1.0
515,0.0,0.0,0.0,0.0,0.0,0.0,0.0,0.0,0.0,0.0,0.0,0.0,0.0,0.0,0.0,0.0,0.0,5.0,9.0,0.0
516,0.05,0.16,0.05,0.24,0.46,0.27,0.21,0.38,0.0,3.3,1.5,1.09,0.35,0.0,0.0,0.322,0.626,193.0,3269.0,1.0
517,0.0,0.0,0.0,0.0,0.0,0.0,0.0,0.0,0.0,0.0,0.0,0.0,0.0,0.0,0.0,0.0,0.0,4.0,33.0,0.0
518,0.0,0.0,0.0,0.0,0.0,0.0,0.0,0.0,0.0,3.57,0.0,0.0,0.0,0.0,0.0,0.0,0.0,1.0,3.0,0.0
519,0.0,0.0,0.0,0.0,0.0,0.0,0.0,0.0,0.0,0.0,0.0,0.0,0.0,0.0,0.0,0.0,0.0,1.0,5.0,0.0
520,0.0,0.0,0.0,0.0,0.0,0.0,0.0,0.0,0.0,2.56,0.0,0.0,0.0,0.0,0.0,0.331,0.0,6.0,35.0,0.0
521,0.0,0.0,0.0,0.0,0.0,0.0,1.26,0.0,0.0,1.26,0.0,0.0,0.0,0.0,0.0,0.41600000000000004,0.0,42.0,137.0,1.0
522,0.96,0.48,0.0,0.0,0.48,0.48,1.44,0.0,1.92,0.96,1.44,0.48,0.0,0.0,0.0,0.6659999999999999,0.0,27.0,142.0,0.0
523,0.53,0.0,0.0,0.0,0.0,0.0,0.0,0.0,0.0,3.22,1.07,0.0,0.0,0.0,0.0,0.265,0.08800000000000001,67.0,332.0,1.0
524,0.0,0.0,0.0,0.0,0.0,0.0,0.0,0.0,1.19,2.38,1.19,0.0,0.0,0.0,0.0,0.0,0.19699999999999998,4.0,30.0,0.0
525,1.16,0.0,0.0,0.0,0.0,0.0,1.16,0.0,1.16,1.16,1.75,0.0,0.0,0.0,0.0,0.667,0.0,5.0,69.0,1.0
526,0.0,0.0,0.0,0.0,0.0,0.0,0.0,0.0,0.0,0.0,0.0,0.0,0.0,0.0,0.0,0.0,0.0,5.0,8.0,0.0
527,0.32,0.0,0.0,0.0,0.0,0.0,0.0,0.0,0.0,0.32,0.0,0.0,0.0,0.64,0.64,0.0,0.0,10.0,156.0,0.0
528,2.9,0.26,0.79,0.26,0.0,1.05,0.0,0.0,1.31,3.16,0.79,0.0,0.0,0.0,0.0,0.046,0.0,60.0,135.0,1.0
529,0.0,0.0,0.0,0.0,0.0,0.0,0.0,0.0,0.0,4.16,0.0,0.0,0.0,4.16,0.0,0.0,0.0,4.0,10.0,0.0
530,0.75,0.0,0.0,0.0,0.0,0.0,0.0,0.0,0.0,1.5,0.0,0.0,0.0,3.75,3.0,0.0,0.0,12.0,77.0,0.0
531,0.0,0.0,0.0,0.0,0.0,0.0,0.0,0.0,0.0,0.0,0.0,0.0,0.0,2.4,1.2,0.0,0.0,11.0,39.0,0.0
532,2.06,0.0,1.65,0.82,0.0,0.0,2.47,0.0,0.82,2.47,0.82,0.0,0.0,0.0,0.0,0.19899999999999998,0.0,226.0,445.0,1.0
533,0.0,0.07,0.0,0.0,0.0,0.15,0.0,0.53,0.0,0.0,0.0,0.22,0.0,1.83,0.0,0.0,0.023,24.0,659.0,0.0
534,0.0,0.0,0.0,0.0,0.0,0.0,0.0,0.0,0.0,1.35,0.0,0.0,0.0,0.0,0.0,0.0,0.0,6.0,23.0,0.0
535,0.0,0.0,0.0,0.0,0.0,0.0,0.0,0.0,0.0,1.19,0.0,0.0,0.0,1.19,1.19,0.0,0.0,11.0,89.0,0.0
536,1.71,0.0,0.42,0.0,0.0,0.21,0.0,1.92,0.42,3.21,1.49,0.21,0.21,0.0,0.0,0.263,0.075,494.0,1603.0,1.0
537,0.0,0.0,0.0,0.0,0.0,0.0,0.0,0.0,0.0,1.56,0.0,0.0,0.0,1.56,1.56,0.0,0.0,11.0,81.0,0.0
538,0.0,0.0,0.0,0.0,0.0,0.0,0.0,0.0,0.0,0.0,0.0,0.0,0.0,5.4,0.0,0.396,0.0,10.0,38.0,0.0
539,0.3,0.9,0.0,0.3,0.0,0.0,0.3,0.3,0.3,2.11,3.02,0.0,0.3,0.0,0.0,0.0,0.21,11.0,186.0,1.0
540,0.0,0.0,0.0,0.0,0.0,0.0,0.0,0.0,0.0,0.0,0.0,0.0,0.0,4.0,0.0,0.17600000000000002,0.0,7.0,51.0,0.0
541,0.0,0.0,0.0,0.0,0.0,0.0,0.0,0.0,0.0,0.0,0.0,0.0,0.0,0.0,0.0,0.0,0.0,3.0,8.0,0.0
542,0.31,0.0,0.0,0.0,0.31,0.0,1.25,0.62,0.0,3.14,1.25,0.94,0.0,0.0,0.0,0.485,0.38799999999999996,61.0,319.0,1.0
543,0.0,0.0,0.0,0.0,0.66,0.0,0.0,0.0,0.0,2.0,1.33,0.0,0.0,0.66,0.66,0.0,0.0,11.0,86.0,0.0
544,0.29,0.19,0.0,0.0,0.09,0.0,0.0,0.09,0.0,3.67,1.09,0.0,0.09,0.0,0.0,5.836,1.31,54.0,753.0,1.0
545,0.86,0.0,0.0,0.0,0.0,0.0,0.0,0.0,0.0,1.73,0.86,0.0,0.0,0.0,0.0,0.457,0.0,3.0,31.0,0.0
546,1.63,0.0,0.0,0.0,0.0,0.0,0.0,0.0,0.0,0.81,0.0,0.0,0.0,0.0,0.0,0.0,0.0,2.0,12.0,0.0
547,0.0,0.0,0.0,0.0,0.0,0.0,0.0,0.0,0.0,0.0,0.0,0.0,0.0,0.0,0.0,0.0,0.0,1.0,5.0,0.0
548,0.98,0.0,0.0,0.0,0.0,0.0,0.65,0.0,0.0,3.6,3.93,0.32,0.65,0.0,0.0,0.529,0.41100000000000003,132.0,222.0,1.0
549,0.32,0.0,0.0,0.0,0.0,0.0,0.32,0.0,1.3,2.61,1.3,0.0,0.0,0.0,0.0,0.47700000000000004,0.0,121.0,312.0,1.0
550,0.16,0.18,0.0,0.0,0.0,0.02,0.0,0.0,0.0,0.14,0.02,0.0,0.04,0.0,0.0,0.034,0.0,154.0,9090.0,1.0
551,0.4,0.1,0.1,0.0,0.2,0.4,0.91,0.2,0.0,1.72,1.72,0.4,0.2,0.0,0.0,0.35200000000000004,0.16,494.0,1439.0,1.0
552,0.0,0.0,0.0,0.0,0.0,0.0,1.92,0.0,0.0,3.84,0.0,0.0,0.0,0.0,0.0,0.171,0.0,5.0,31.0,0.0
553,0.0,0.0,0.0,0.0,0.0,0.0,0.0,0.0,0.0,4.0,0.0,0.0,0.0,0.0,0.0,0.0,0.0,1.0,6.0,0.0
554,0.0,0.0,0.0,0.0,0.0,0.0,0.0,0.0,0.86,0.86,2.58,0.0,0.0,1.72,0.86,0.11,0.0,10.0,58.0,0.0
555,0.68,0.09,0.09,0.0,0.29,0.48,0.58,0.87,0.19,3.21,2.43,0.0,0.09,0.0,0.0,0.06,0.045,20.0,329.0,1.0
556,0.0,0.54,1.63,0.0,0.0,0.54,0.54,2.73,0.54,4.91,2.18,0.0,0.0,0.0,0.0,0.0,0.171,32.0,70.0,1.0
557,0.0,0.0,0.0,0.0,0.0,0.0,0.0,0.0,0.0,6.38,0.0,0.0,0.0,0.0,0.0,0.0,0.0,3.0,17.0,0.0
558,0.0,0.0,1.61,0.0,0.0,0.0,1.61,0.0,0.0,0.0,0.0,0.0,0.0,0.0,0.0,0.804,0.0,17.0,37.0,1.0
559,0.0,0.0,0.0,0.0,0.0,0.0,0.8,0.0,0.0,2.41,0.8,0.0,0.0,0.0,0.0,0.0,0.0,4.0,30.0,0.0
560,0.36,0.36,1.09,0.0,0.0,0.0,0.36,1.83,0.73,2.56,1.09,0.36,1.09,0.0,0.0,0.42700000000000005,0.061,192.0,305.0,1.0
561,0.0,0.0,0.0,0.0,0.0,0.0,0.0,0.0,0.0,1.36,5.47,0.0,0.0,0.0,0.0,0.0,0.0,8.0,30.0,0.0
562,0.0,0.0,1.23,0.0,0.0,0.0,1.23,0.0,0.0,0.0,0.0,0.0,0.0,0.0,0.0,1.939,0.0,8.0,40.0,1.0
563,0.0,0.0,0.0,0.0,0.9,0.0,0.0,0.0,0.0,0.9,3.6,0.0,0.0,0.0,0.0,0.5589999999999999,0.0,28.0,87.0,1.0
564,0.0,0.06,0.0,0.0,0.54,0.0,0.0,0.0,0.06,0.24,0.18,0.0,0.0,1.14,1.2,0.0,0.017,38.0,1345.0,0.0
565,0.84,0.25,0.08,0.33,0.0,0.08,1.61,0.76,0.33,1.52,0.5,0.42,0.08,0.0,0.0,0.518,0.157,292.0,2045.0,1.0
566,0.0,0.0,0.0,0.0,0.0,0.0,0.49,0.0,0.49,2.71,1.23,0.0,0.0,0.0,0.0,0.147,0.0,55.0,282.0,0.0
567,1.11,0.55,2.23,0.0,0.0,0.0,0.0,0.0,0.55,3.35,1.11,0.0,0.0,0.0,0.0,0.479,0.0,147.0,385.0,1.0
568,0.0,0.0,0.0,0.0,0.0,0.0,0.45,0.0,0.45,0.0,0.9,0.0,0.0,0.0,0.0,0.055999999999999994,0.0,70.0,290.0,0.0
569,0.3,0.3,0.3,0.3,0.0,0.6,0.9,0.6,0.3,2.4,3.0,0.0,0.6,0.0,0.0,0.14400000000000002,0.0,139.0,281.0,1.0
570,0.0,0.0,0.0,0.0,0.0,0.0,0.0,0.0,0.0,0.0,0.0,0.0,0.0,1.36,1.36,0.0,0.0,17.0,53.0,0.0
571,0.0,0.0,0.0,0.0,0.0,0.0,0.0,0.0,0.0,0.0,0.0,0.0,0.0,0.0,0.0,0.0,0.0,6.0,9.0,0.0
572,0.0,0.0,0.0,0.0,0.0,0.0,0.0,0.0,1.11,4.45,0.83,0.0,0.0,0.0,0.0,0.0,0.0,4.0,54.0,0.0
573,0.0,0.0,0.0,0.0,0.0,0.0,0.0,0.0,0.0,1.13,2.27,0.0,0.0,0.0,0.0,0.0,0.0,5.0,42.0,0.0
574,0.0,0.0,0.0,0.0,0.0,0.0,0.0,0.0,0.0,4.16,0.0,0.0,0.0,0.0,0.0,0.74,0.0,6.0,13.0,0.0
575,0.0,0.0,0.0,0.0,0.0,0.0,0.0,0.0,0.0,0.0,0.0,0.0,0.0,0.0,0.0,0.0,0.0,1.0,10.0,0.0
576,0.0,0.0,0.0,0.0,0.75,0.0,0.0,0.0,0.0,0.0,0.0,0.0,0.0,0.0,0.0,0.0,0.0,39.0,100.0,0.0
577,0.75,0.0,0.0,0.0,0.0,0.0,0.75,0.0,0.0,1.5,0.75,0.0,0.0,0.0,0.0,0.441,0.0,6.0,54.0,0.0
578,0.0,0.0,0.0,0.0,0.0,0.93,0.0,2.8,0.0,4.67,0.93,0.0,0.0,0.0,0.0,0.46399999999999997,0.154,10.0,50.0,1.0
579,0.0,0.0,0.0,0.0,0.0,0.0,1.47,0.0,0.0,0.0,0.0,0.0,0.0,0.0,0.0,0.0,0.0,17.0,40.0,0.0
580,0.0,0.0,0.0,0.1,0.0,0.31,0.1,0.1,0.0,0.1,0.0,0.1,0.0,3.14,0.0,0.0,0.063,26.0,605.0,0.0
581,0.0,0.0,0.41,0.0,0.0,0.41,0.0,0.0,0.0,2.05,1.23,0.0,0.41,0.0,0.0,0.067,0.0,14.0,41.0,1.0
582,0.0,0.0,0.0,0.0,0.91,0.0,0.0,0.0,0.0,0.91,2.75,0.0,0.0,0.0,0.0,0.531,0.0,28.0,87.0,1.0
583,0.0,0.25,0.0,1.0,0.0,0.0,0.0,0.0,0.25,0.0,0.0,0.0,0.0,0.75,0.25,0.0,0.0,26.0,329.0,0.0
584,0.0,0.25,0.5,0.25,0.0,0.0,0.0,0.0,0.0,1.25,0.25,0.0,0.0,0.0,0.0,0.045,0.0,5.0,98.0,0.0
585,0.49,0.49,0.0,0.0,0.0,0.0,0.0,0.0,0.0,0.98,0.0,0.0,0.0,1.47,0.98,0.0,0.0,11.0,105.0,0.0
586,0.44,0.44,0.0,0.0,0.0,0.0,0.0,0.89,0.0,0.0,0.0,0.0,0.0,1.79,0.0,0.0,0.0,13.0,95.0,0.0
587,0.0,0.0,0.0,0.0,0.0,2.0,0.0,0.0,0.0,2.0,8.0,0.0,0.0,0.0,0.0,0.0,0.0,29.0,53.0,0.0
588,0.51,0.51,0.0,0.0,0.25,0.25,0.0,0.25,0.0,2.81,0.25,0.25,0.76,0.0,0.0,0.209,0.209,75.0,211.0,1.0
589,0.0,0.0,0.0,0.0,0.0,1.36,0.0,0.0,0.0,2.04,0.68,0.0,0.0,0.68,0.0,0.0,0.0,30.0,264.0,1.0
590,0.0,0.0,0.0,0.0,0.0,0.0,0.0,0.0,0.0,0.0,0.0,0.0,0.0,0.0,0.0,0.0,0.0,1.0,5.0,0.0
591,0.0,0.0,0.0,0.0,0.0,0.0,0.0,0.0,0.0,0.8,0.0,0.0,0.0,0.0,0.0,0.0,0.0,15.0,57.0,0.0
592,0.0,0.0,0.0,0.0,0.0,0.0,0.0,0.0,0.0,2.96,1.48,0.0,0.0,0.0,0.0,0.134,0.0,8.0,22.0,0.0
593,1.15,0.28,0.0,0.0,0.0,0.0,0.0,0.0,0.0,0.0,0.0,0.0,0.0,0.0,0.0,0.0,0.0,8.0,88.0,0.0
594,0.02,0.0,0.0,0.05,0.0,0.0,0.05,0.1,0.38,0.07,0.17,0.0,0.0,0.02,0.0,0.11199999999999999,0.018000000000000002,489.0,3271.0,1.0
595,0.0,0.0,0.0,0.0,0.61,0.0,0.0,0.0,0.06,0.27,0.2,0.0,0.0,0.75,0.81,0.0,0.019,36.0,827.0,0.0
596,1.13,0.56,0.56,0.0,0.0,0.0,3.97,0.0,0.0,2.84,0.56,0.56,0.0,0.0,0.0,0.768,0.0,296.0,409.0,1.0
597,0.0,0.0,0.0,0.0,0.0,0.0,0.0,0.0,0.0,0.0,0.0,0.0,0.0,0.0,0.0,0.0,0.0,1.0,5.0,0.0
598,0.0,0.0,0.0,0.0,0.0,0.0,0.0,0.0,0.0,1.88,1.88,0.0,0.0,0.0,0.0,0.0,0.0,1.0,12.0,0.0
599,0.32,0.0,0.0,0.0,0.0,0.0,0.32,0.0,1.29,1.62,0.97,0.0,0.0,0.0,0.0,1.065,0.0,61.0,291.0,1.0
600,0.0,0.0,0.0,0.0,0.0,0.0,0.0,0.0,0.0,0.0,0.0,0.0,0.0,0.0,0.0,0.0,0.0,1.0,5.0,0.0
601,0.0,0.0,0.0,0.0,0.0,0.0,0.0,0.0,0.0,1.62,0.0,0.0,0.0,1.62,1.08,0.0,0.0,13.0,155.0,0.0
602,0.0,0.0,0.0,0.0,0.0,0.0,0.0,0.0,0.0,0.0,0.0,0.0,0.0,15.38,0.0,0.0,0.0,53.0,56.0,0.0
603,0.0,0.0,0.0,0.0,0.0,0.0,0.0,0.0,0.0,3.84,0.0,0.0,0.0,1.28,0.0,0.0,0.0,2.0,10.0,0.0
604,0.0,0.0,0.0,0.0,0.0,0.0,3.38,0.0,0.0,3.38,0.0,0.0,0.0,0.0,0.0,0.872,0.0,5.0,11.0,1.0
605,0.0,0.0,0.0,0.0,0.0,0.0,0.0,0.0,0.0,0.0,0.0,0.0,0.0,0.0,0.0,0.442,0.0,10.0,17.0,0.0
606,0.0,0.0,0.0,0.0,0.0,0.0,0.0,0.0,0.0,1.69,0.0,0.0,0.0,0.0,0.0,0.0,0.0,12.0,68.0,0.0
607,0.12,0.0,0.0,0.06,0.06,0.12,0.06,0.18,0.06,0.6,0.78,0.0,0.0,1.99,0.42,0.0,0.008,27.0,941.0,0.0
608,0.0,0.0,0.0,0.0,0.64,0.0,0.0,0.0,0.0,1.29,0.0,0.0,0.0,0.0,0.0,0.23199999999999998,0.0,6.0,45.0,0.0
609,0.0,0.0,0.0,0.0,0.0,0.0,0.0,0.0,0.0,0.0,6.66,0.0,0.0,0.0,0.0,0.0,0.0,1.0,12.0,0.0
610,0.0,0.0,0.0,0.0,0.0,0.0,0.0,0.0,0.0,0.0,0.0,0.0,0.0,0.0,0.0,0.9520000000000001,0.0,12.0,16.0,0.0
611,0.0,0.0,0.0,0.0,0.0,0.0,0.0,0.0,0.0,0.0,0.0,0.0,0.0,0.9,0.9,0.0,0.0,58.0,138.0,0.0
612,0.6,0.2,0.4,0.1,1.41,0.1,0.1,0.0,1.11,2.22,1.92,0.0,0.3,0.0,0.0,0.9940000000000001,0.391,56.0,1042.0,1.0
613,0.0,0.0,0.0,0.0,0.0,0.0,0.0,0.0,0.0,0.0,0.0,0.0,0.0,0.0,0.0,0.0,0.0,1.0,5.0,0.0
614,0.85,1.02,0.25,0.17,0.59,0.17,0.25,0.08,0.93,1.61,0.42,0.85,0.08,0.0,0.0,0.40299999999999997,0.11699999999999999,669.0,1407.0,1.0
615,0.0,0.0,0.0,0.74,0.0,0.0,2.23,0.0,0.0,1.49,0.0,0.0,0.0,0.0,0.0,0.109,0.0,24.0,86.0,1.0
616,0.0,0.0,0.0,0.0,0.0,0.0,0.0,0.0,0.0,3.84,0.0,0.0,0.0,0.0,0.0,0.0,0.0,1.0,6.0,0.0
617,0.0,0.0,0.0,0.0,0.0,0.0,0.0,0.0,0.0,0.43,0.86,0.0,0.0,6.03,3.44,0.065,0.0,40.0,179.0,0.0
618,0.0,0.0,0.0,0.0,0.0,0.0,0.0,0.0,0.0,0.0,0.0,0.0,0.0,0.0,0.0,0.0,0.0,5.0,9.0,0.0
619,0.0,0.0,0.0,0.0,0.0,0.0,0.0,0.0,0.0,0.0,0.0,0.0,0.0,0.0,0.0,0.0,0.0,7.0,10.0,0.0
620,0.77,0.0,0.0,0.0,0.0,0.0,0.0,0.0,0.0,1.55,0.77,0.0,0.77,0.0,0.0,0.196,0.0,10.0,79.0,0.0
621,1.11,0.55,2.23,0.0,0.0,0.0,0.0,0.0,0.55,3.35,1.11,0.0,0.0,0.0,0.0,0.479,0.0,147.0,385.0,1.0
622,0.0,0.0,0.0,0.0,0.0,0.0,2.32,0.0,0.0,2.32,0.0,0.0,0.0,0.0,0.0,0.375,0.0,5.0,13.0,0.0
623,0.0,0.0,0.0,0.0,0.0,0.0,0.0,0.0,0.0,0.0,0.0,0.0,0.0,0.0,0.0,0.0,0.0,7.0,23.0,0.0
624,0.54,0.13,0.0,0.13,0.4,0.0,0.0,1.01,0.0,0.0,0.0,0.0,0.0,1.08,0.0,0.0,0.166,45.0,617.0,0.0
625,0.47,0.0,0.0,0.47,0.0,0.0,0.47,0.0,0.0,1.91,5.26,0.0,0.0,0.0,0.0,1.683,0.168,636.0,744.0,1.0
626,0.0,0.0,0.0,0.0,0.0,0.0,0.0,0.0,0.0,3.07,0.76,0.0,0.0,0.0,0.0,0.0,0.0,6.0,26.0,0.0
627,0.0,0.0,0.0,0.0,0.0,0.0,0.0,0.0,0.0,0.0,0.0,0.0,0.0,0.0,0.0,1.886,0.0,4.0,11.0,0.0
628,0.0,0.0,0.0,0.0,0.0,0.0,0.0,0.0,0.0,0.0,0.0,0.0,0.0,2.8,1.86,0.0,0.0,13.0,86.0,0.0
629,1.52,0.35,0.05,0.05,0.05,0.05,0.0,0.64,0.05,4.21,1.11,0.81,0.05,0.0,0.0,0.01,0.16699999999999998,13.0,467.0,1.0
630,0.54,0.0,1.08,0.0,0.0,0.0,0.54,0.54,0.0,4.32,1.08,1.62,0.0,0.0,0.0,1.216,0.26,68.0,180.0,1.0
631,0.0,0.0,0.0,0.0,0.0,0.0,0.0,0.0,0.0,0.0,0.0,0.0,0.0,3.96,2.97,0.239,0.0,13.0,121.0,0.0
632,0.0,0.0,0.0,0.0,0.0,0.0,1.61,0.0,0.0,4.83,0.0,0.0,0.0,0.0,0.0,0.0,0.0,7.0,29.0,0.0
633,0.0,0.0,0.0,0.0,0.0,0.0,0.0,0.0,0.0,0.0,0.0,0.0,0.0,0.0,0.0,0.0,0.0,38.0,240.0,1.0
634,0.37,0.0,0.0,0.18,0.0,0.0,0.0,0.0,0.0,0.92,0.0,0.0,0.0,0.0,0.0,0.028999999999999998,0.028999999999999998,24.0,387.0,0.0
635,0.0,0.0,0.0,0.0,0.0,0.0,0.0,0.0,0.0,0.0,0.0,0.0,0.0,0.0,0.0,0.0,0.0,5.0,16.0,0.0
636,0.0,0.1,0.0,0.51,0.0,0.0,0.0,0.82,0.0,0.0,0.0,0.0,0.0,2.97,0.0,0.0,0.053,19.0,574.0,0.0
637,1.23,0.19,0.19,0.12,0.64,0.38,0.06,0.06,1.03,1.36,0.51,1.16,0.06,0.0,0.0,0.276,0.184,485.0,2259.0,1.0
638,0.62,0.0,0.0,0.0,0.0,0.0,1.88,0.0,0.0,4.4,0.0,0.0,1.25,0.0,0.0,0.0,0.109,9.0,58.0,0.0
639,0.0,0.0,0.0,0.0,0.0,0.0,0.0,0.0,0.0,5.55,0.0,0.0,0.0,0.0,0.0,0.0,0.0,1.0,10.0,0.0
640,0.0,0.0,0.0,0.0,0.0,0.0,0.0,0.0,0.0,0.0,0.0,0.0,0.0,0.0,0.0,0.0,0.0,16.0,33.0,1.0
641,1.34,0.0,0.44,0.0,0.0,0.0,0.44,0.89,0.0,2.24,1.34,0.44,0.44,0.0,0.0,0.48200000000000004,0.8959999999999999,78.0,325.0,1.0
642,0.45,0.0,0.22,0.0,0.0,0.0,0.68,0.22,0.0,2.05,1.59,0.0,0.0,0.0,0.0,0.135,0.067,27.0,210.0,0.0
643,0.0,0.16,0.0,0.16,0.16,0.16,0.16,0.24,0.24,3.47,2.06,0.0,0.66,0.0,0.0,0.213,0.113,76.0,441.0,1.0
644,0.85,1.02,0.25,0.17,0.59,0.17,0.25,0.08,0.94,1.62,0.42,0.85,0.08,0.0,0.0,0.42,0.114,669.0,1402.0,1.0
645,0.53,0.0,0.53,0.0,0.0,0.0,0.0,0.53,0.0,5.85,3.19,0.0,0.0,0.0,0.0,0.361,0.0,19.0,78.0,1.0
646,0.0,0.0,0.0,0.0,0.0,0.0,0.0,0.0,0.0,0.0,0.0,0.0,0.0,0.0,0.0,0.0,0.0,1.0,5.0,0.0
647,0.0,0.0,0.0,0.0,0.0,0.0,0.0,0.0,0.0,2.89,0.57,0.0,0.0,0.0,0.0,0.0,0.0,5.0,40.0,0.0
648,0.0,0.0,0.0,0.0,0.0,0.0,0.0,0.0,0.0,0.0,0.0,0.0,0.0,0.0,0.0,0.0,0.0,3.0,30.0,0.0
649,0.53,0.0,0.0,0.0,0.0,0.0,0.53,0.0,1.06,1.6,1.06,0.0,0.0,0.0,0.0,0.877,0.0,61.0,187.0,1.0
650,0.0,0.0,0.0,0.0,0.0,0.0,0.0,0.0,0.0,0.0,0.0,0.0,0.0,0.0,0.0,0.0,0.0,3.0,10.0,0.0
651,0.0,0.5,0.0,0.0,0.0,0.0,0.0,0.0,0.5,2.0,0.5,0.0,0.0,0.0,0.0,0.271,0.0,2.0,37.0,0.0
652,0.68,0.0,2.04,0.0,0.0,0.0,0.0,0.0,2.04,1.36,2.04,0.0,0.0,0.0,0.0,0.309,0.0,14.0,95.0,1.0
653,0.0,0.0,0.0,1.4,0.35,0.0,2.1,0.7,0.35,2.1,2.1,0.35,1.4,0.0,0.0,0.348,0.0,13.0,189.0,1.0
654,0.95,0.0,0.95,0.0,0.0,0.0,0.47,0.47,0.0,4.28,0.95,1.42,0.0,0.0,0.0,1.306,0.23,91.0,217.0,1.0
655,0.0,0.0,0.0,0.0,0.0,1.23,0.0,0.0,0.0,2.46,0.0,0.0,0.0,0.0,0.0,1.284,0.0,5.0,19.0,1.0
656,0.23,0.0,0.0,0.0,0.23,0.23,0.23,0.0,0.0,3.81,1.19,0.0,0.0,0.0,0.0,1.046,0.037000000000000005,97.0,543.0,1.0
657,0.33,0.33,0.33,0.33,0.0,0.67,1.0,0.33,0.33,2.68,3.02,0.0,0.67,0.0,0.0,0.16,0.0,139.0,275.0,1.0
658,0.25,0.25,0.0,0.5,0.0,0.0,0.0,0.5,0.0,0.12,0.0,0.0,0.0,2.06,0.0,0.0,0.043,23.0,623.0,0.0
659,0.0,0.0,0.0,0.0,0.0,0.0,0.0,0.0,0.0,2.77,0.0,0.0,0.0,5.55,2.77,0.0,0.0,11.0,39.0,0.0
660,0.0,0.0,0.0,0.0,0.0,0.0,0.0,0.0,0.0,0.0,0.0,0.0,0.0,0.0,0.0,0.0,0.0,5.0,7.0,0.0
661,0.1,0.1,0.0,0.4,0.0,0.1,0.0,0.0,0.1,0.1,0.0,0.0,0.0,0.1,0.0,0.0,0.015,18.0,527.0,0.0
662,0.68,0.0,0.0,0.0,0.0,0.0,0.0,0.0,0.34,1.7,0.0,0.0,0.0,0.0,0.0,0.46299999999999997,0.0,11.0,80.0,0.0
663,1.17,0.0,0.0,0.0,0.0,0.0,0.0,0.0,0.0,1.17,0.0,0.0,0.0,0.0,0.0,1.156,0.192,6.0,34.0,0.0
664,0.35,0.0,0.0,0.0,0.0,0.0,0.35,0.0,1.4,2.46,1.4,0.0,0.0,0.0,0.0,0.897,0.0,121.0,350.0,1.0
665,0.0,0.0,0.0,0.0,0.0,0.0,0.0,0.0,0.0,0.0,0.0,0.0,0.0,0.0,0.0,0.0,0.0,23.0,38.0,1.0
666,0.0,0.0,0.0,0.0,0.0,0.0,0.0,0.0,0.0,0.0,0.0,0.0,0.0,0.0,0.0,4.3469999999999995,0.0,1.0,2.0,1.0
667,0.0,0.0,0.0,0.0,0.0,0.0,0.0,0.0,0.0,0.0,0.0,0.0,0.0,1.02,1.02,0.0,0.0,11.0,92.0,0.0
668,3.92,0.0,0.0,0.0,0.0,0.0,0.0,0.0,0.0,0.0,0.0,0.0,0.0,0.0,0.0,0.348,0.0,4.0,21.0,0.0
669,1.89,0.27,0.0,0.0,0.0,0.0,0.27,0.0,0.0,3.51,2.7,0.0,0.27,0.0,0.0,0.0,0.091,11.0,89.0,1.0
670,0.21,0.1,0.1,0.53,0.1,0.0,0.0,0.1,0.0,0.0,0.0,0.74,0.0,0.0,0.0,0.016,0.065,29.0,381.0,1.0
671,0.0,0.0,0.0,0.0,0.0,0.0,0.0,0.0,0.0,0.0,0.0,0.0,0.0,0.0,0.0,0.0,0.0,9.0,11.0,0.0
672,0.0,0.0,0.0,0.0,0.0,0.0,0.0,0.0,0.0,0.0,0.0,0.97,0.0,0.0,0.0,0.0,0.0,5.0,38.0,0.0
673,0.17,0.0,0.0,0.35,0.0,0.0,0.0,1.95,0.0,0.17,0.0,0.0,0.0,0.35,0.17,0.0,0.0,13.0,232.0,0.0
674,0.0,0.57,0.0,0.0,0.0,0.0,0.0,1.15,0.0,0.57,0.0,0.0,0.0,2.31,0.0,0.0,0.0,5.0,72.0,0.0
675,0.0,0.0,0.21,0.0,0.0,0.0,0.0,0.0,0.21,1.49,0.42,0.0,0.0,0.21,0.21,0.0,0.069,37.0,312.0,0.0
676,0.0,0.0,0.0,0.0,0.0,0.0,0.0,0.0,0.0,1.31,5.26,0.0,1.31,0.0,0.0,0.0,0.19899999999999998,25.0,53.0,1.0
677,0.0,0.0,0.0,0.0,1.12,0.0,0.0,0.0,0.0,0.0,0.0,0.0,0.0,0.0,1.12,0.0,0.0,16.0,115.0,0.0
678,0.0,0.0,0.0,0.0,0.0,0.0,0.0,0.0,0.0,4.87,0.0,0.0,0.0,0.0,0.0,0.0,0.0,5.0,19.0,0.0
679,0.0,0.0,0.0,0.0,0.0,0.0,0.0,0.0,0.0,6.45,0.0,0.0,0.0,0.0,0.0,0.0,0.0,4.0,18.0,0.0
680,0.54,0.0,0.0,0.0,0.0,0.54,0.0,0.0,0.0,3.82,0.0,0.0,0.0,2.18,2.18,0.0,0.0,34.0,159.0,0.0
681,0.42,0.08,0.08,0.42,0.08,0.0,0.0,0.17,0.08,1.2,3.17,0.34,0.08,0.0,0.0,0.098,0.013999999999999999,48.0,575.0,1.0
682,0.0,0.0,0.0,0.0,0.0,0.0,0.0,0.0,0.0,2.02,0.0,0.0,0.0,0.0,0.0,0.376,0.0,15.0,67.0,0.0
683,0.0,0.0,0.0,0.0,0.0,0.0,0.0,0.0,0.0,1.73,0.86,0.0,0.0,6.08,3.47,0.133,0.0,13.0,73.0,0.0
684,0.38,0.38,0.0,0.0,0.0,0.0,0.0,0.0,0.0,1.92,3.07,0.0,0.0,0.0,0.0,0.124,0.0,735.0,899.0,1.0
685,0.0,0.0,0.0,0.0,0.82,0.0,0.08,0.0,0.0,0.32,0.16,0.0,0.0,0.49,0.57,0.0,0.033,32.0,628.0,0.0
686,0.23,0.23,0.0,0.47,0.23,0.23,0.23,0.0,0.0,2.87,1.91,0.23,0.23,0.0,0.0,0.37,0.205,24.0,146.0,0.0
687,0.0,0.0,0.0,0.0,0.0,0.0,0.0,0.0,0.0,0.0,0.0,0.0,0.0,0.0,0.0,0.0,0.0,5.0,8.0,0.0
688,0.0,1.27,1.27,0.63,0.0,0.0,0.0,0.63,0.0,4.45,3.82,0.0,0.0,0.0,0.0,0.983,0.08900000000000001,59.0,157.0,1.0
689,0.0,0.0,0.0,0.0,0.0,0.0,0.0,0.0,0.0,0.0,0.0,0.0,0.0,0.0,0.0,0.0,0.0,1.0,6.0,0.0
690,0.11,0.05,0.0,0.05,0.11,0.0,0.05,0.0,0.53,1.19,0.53,0.23,0.23,0.0,0.0,0.032,0.14,14.0,303.0,1.0
691,0.0,0.0,0.0,0.0,0.0,0.0,0.0,0.0,0.0,1.92,1.92,0.0,0.0,0.0,0.0,0.0,0.0,21.0,42.0,0.0
692,0.0,0.0,0.0,0.0,0.0,0.0,0.0,0.0,0.43,1.29,1.29,0.0,0.0,0.0,0.0,0.061,0.0,13.0,67.0,1.0
693,0.0,0.0,0.0,0.0,0.0,0.0,0.0,0.0,0.0,6.17,2.46,0.0,0.0,0.0,0.0,0.843,0.0,19.0,106.0,1.0
694,0.32,0.32,0.0,1.61,0.32,0.32,0.0,1.61,0.0,1.29,3.54,0.0,0.0,0.0,0.0,1.178,0.107,63.0,318.0,1.0
695,0.0,0.0,0.0,0.0,0.0,0.0,0.0,0.0,0.0,1.96,0.98,0.0,0.0,1.96,1.96,0.0,0.0,17.0,97.0,0.0
696,0.0,0.0,1.15,0.0,0.0,1.15,0.38,0.0,0.38,4.61,0.76,1.92,0.0,0.0,0.0,0.486,0.34700000000000003,6.0,74.0,1.0
697,0.4,0.1,0.1,0.0,0.2,0.4,0.91,0.2,0.0,1.72,1.72,0.4,0.2,0.0,0.0,0.297,0.156,494.0,1428.0,1.0
698,0.53,0.0,0.0,0.35,0.0,0.17,0.0,0.53,0.0,0.0,0.0,0.0,0.0,3.2,0.0,0.0,0.0,80.0,244.0,0.0
699,0.0,0.0,0.0,0.0,0.0,0.0,0.0,0.0,2.0,0.0,0.0,0.0,0.0,4.0,2.0,0.0,0.0,11.0,44.0,0.0
700,0.42,0.0,0.0,0.0,0.21,0.0,0.0,0.21,0.0,0.21,1.06,0.0,0.0,0.21,0.0,0.161,0.0,121.0,723.0,0.0
701,1.6,0.0,0.0,0.0,0.0,0.0,0.8,0.8,0.0,1.6,2.4,0.8,0.0,0.0,0.0,1.5659999999999998,0.361,22.0,124.0,1.0
702,0.0,0.0,0.0,0.0,0.0,0.0,0.0,0.0,0.0,1.62,0.81,0.0,0.0,0.81,0.0,0.406,0.0,17.0,94.0,0.0
703,0.0,0.0,0.0,0.0,0.0,0.0,0.0,0.0,0.0,0.0,0.0,0.0,0.0,8.33,4.16,0.0,0.0,11.0,31.0,0.0
704,0.0,0.0,0.0,0.0,0.0,0.0,4.76,0.0,0.0,1.58,0.0,0.0,0.0,0.0,0.0,2.412,0.0,137.0,180.0,1.0
705,0.0,0.0,0.0,0.0,0.0,0.0,0.0,0.0,2.04,0.0,0.0,0.0,0.0,4.08,2.04,0.0,0.0,10.0,37.0,0.0
706,1.04,0.0,0.0,0.0,0.0,0.0,0.0,0.0,0.0,0.0,0.0,0.0,0.0,1.56,1.04,0.0,0.0,10.0,61.0,0.0
707,0.0,0.0,0.0,1.08,0.0,0.0,0.0,0.0,0.0,0.0,0.0,1.08,0.0,0.0,0.0,0.0,0.389,16.0,72.0,1.0
708,0.07,0.0,0.0,0.0,0.74,0.0,0.0,0.0,0.07,0.29,0.22,0.0,0.0,0.74,0.81,0.0,0.021,36.0,681.0,0.0
709,1.36,0.0,0.0,0.0,0.0,0.0,0.0,0.0,1.36,6.84,1.36,0.0,0.0,0.0,0.0,0.42,0.0,7.0,43.0,0.0
710,1.93,0.0,0.0,0.0,0.0,0.0,1.29,0.64,0.0,1.93,2.58,0.64,0.0,0.0,0.0,0.462,0.37,22.0,122.0,1.0
711,0.04,0.04,0.0,0.09,0.0,0.09,0.0,0.0,0.24,0.09,0.04,0.0,0.0,0.04,0.0,0.0,0.0,185.0,1763.0,0.0
712,0.0,0.0,0.0,0.0,0.0,0.0,0.0,0.0,0.0,3.33,0.0,0.0,0.0,0.0,0.0,1.081,0.0,9.0,23.0,1.0
713,0.24,0.0,0.0,0.24,0.0,0.0,0.0,0.0,0.0,0.99,0.0,0.0,0.0,0.49,0.0,0.0,0.16,235.0,1108.0,0.0
714,0.0,0.0,0.0,0.0,0.0,0.0,0.0,0.0,0.0,2.04,0.0,0.0,0.0,0.0,0.0,0.373,0.0,4.0,12.0,0.0
715,0.84,0.84,0.28,0.0,0.28,0.0,0.56,0.0,0.56,2.52,0.28,0.0,0.0,0.0,0.0,0.05,0.0,34.0,150.0,1.0
716,0.0,0.0,0.0,0.0,0.0,0.0,0.0,0.0,0.0,0.0,0.0,0.0,0.0,0.0,0.0,0.0,0.0,6.0,26.0,0.0
717,0.0,0.25,0.0,0.0,0.0,0.0,0.25,0.25,0.38,1.78,0.51,0.0,0.0,0.0,0.0,0.0,0.038,17.0,207.0,0.0
718,0.0,0.0,0.0,0.0,0.0,0.0,0.0,0.0,0.0,0.0,0.0,0.0,0.0,8.33,4.16,0.0,0.0,11.0,30.0,0.0
719,0.0,0.43,0.0,0.0,0.0,0.0,0.0,0.0,0.0,0.87,0.0,0.0,0.0,0.0,0.0,0.0,0.0,47.0,109.0,0.0
720,0.0,0.0,0.0,0.0,0.0,0.0,0.0,0.0,0.0,0.0,0.0,0.0,0.0,2.23,0.74,0.0,0.0,45.0,140.0,0.0
721,2.83,0.0,0.0,0.0,0.0,0.0,1.41,1.41,0.0,7.09,5.67,0.0,0.0,0.0,0.0,0.0,0.0,44.0,142.0,1.0
722,0.14,0.03,0.0,0.18,0.54,0.28,0.21,0.43,0.03,2.96,1.34,0.5,0.54,0.0,0.0,0.439,0.505,798.0,2426.0,1.0
723,0.0,0.0,0.0,0.0,0.0,0.0,0.0,0.0,1.26,0.0,0.0,0.0,0.0,3.79,2.53,0.147,0.0,10.0,53.0,0.0
724,0.0,0.0,0.56,0.0,0.0,0.28,1.41,0.28,0.0,1.97,1.12,0.0,0.0,0.0,0.0,0.158,0.0,394.0,555.0,1.0
725,0.0,0.0,0.0,0.0,0.62,0.0,0.0,0.0,0.0,1.87,1.25,0.0,0.0,1.87,1.87,0.0,0.0,12.0,141.0,0.0
726,0.66,0.0,0.0,0.33,0.0,0.0,0.0,0.33,0.0,1.32,0.33,0.0,0.0,1.98,0.66,0.22399999999999998,0.336,42.0,321.0,0.0
727,0.43,0.08,0.08,0.43,0.08,0.0,0.0,0.17,0.08,1.2,3.14,0.34,0.08,0.0,0.0,0.092,0.013999999999999999,48.0,1140.0,1.0
728,0.0,0.0,0.0,1.29,0.0,0.0,0.43,0.0,1.73,0.43,0.43,0.0,0.0,0.0,0.0,0.31,0.062,8.0,65.0,1.0
729,0.37,0.0,0.0,0.0,0.0,0.0,0.37,0.0,0.0,0.37,0.37,0.0,0.0,0.37,0.74,0.0,0.0,34.0,193.0,0.0
730,0.0,0.0,0.0,0.0,0.0,0.0,0.0,0.0,0.0,0.0,0.0,0.0,0.0,0.0,0.0,0.0,0.0,17.0,19.0,0.0
731,0.0,0.0,0.0,0.0,0.0,0.0,2.32,0.0,0.0,2.32,0.0,0.0,0.0,0.0,0.0,0.0,0.0,1.0,9.0,0.0
732,0.0,0.0,0.0,0.0,0.0,0.0,0.0,0.0,0.0,0.0,0.0,0.0,0.0,0.0,0.0,0.0,0.0,7.0,139.0,0.0
733,0.42,0.0,0.0,0.0,0.0,0.0,0.42,0.0,0.0,2.14,1.28,0.0,0.0,0.0,0.0,1.117,0.0,7.0,117.0,1.0
734,0.23,0.47,0.0,0.47,0.0,2.61,0.0,0.0,0.0,3.8,0.95,0.23,0.0,0.71,0.0,0.0,0.04,55.0,189.0,1.0
735,0.0,0.0,0.0,0.0,0.0,0.0,0.0,0.0,0.0,0.0,0.69,0.0,0.0,0.0,0.0,0.0,0.0,28.0,157.0,0.0
736,0.32,0.32,0.0,0.0,0.0,0.0,0.0,0.32,0.0,0.97,0.32,0.0,0.0,0.32,0.32,0.0,0.0,11.0,82.0,0.0
737,0.0,0.62,0.0,0.0,0.0,0.0,0.0,0.0,0.0,2.83,0.31,0.0,0.0,1.88,0.0,0.096,0.0,45.0,180.0,0.0
738,0.0,0.0,0.0,0.0,0.0,0.0,0.0,0.0,0.0,1.44,1.44,0.0,0.0,2.89,1.44,0.0,0.0,11.0,39.0,0.0
739,0.11,0.11,0.0,0.0,1.03,0.0,0.0,0.0,0.0,0.45,0.22,0.0,0.0,0.57,0.68,0.0,0.031,41.0,535.0,0.0
740,0.0,0.0,0.0,0.0,0.0,0.0,1.05,0.0,0.0,1.05,0.0,0.0,0.0,0.0,1.05,0.33799999999999997,0.0,12.0,47.0,0.0
741,0.0,0.0,0.0,0.0,0.0,0.0,0.0,0.0,0.0,5.26,0.0,0.0,0.0,0.0,0.0,1.048,0.0,10.0,30.0,1.0
742,1.47,0.0,0.0,0.0,0.0,0.0,0.0,0.0,0.0,2.94,0.0,0.0,0.0,5.88,0.0,0.0,0.0,15.0,82.0,0.0
743,1.07,0.19,0.19,0.97,0.87,0.09,0.0,0.0,1.17,3.71,1.75,0.09,0.29,0.0,0.0,0.40399999999999997,0.22399999999999998,49.0,870.0,1.0
744,0.0,0.25,0.0,0.0,0.76,0.0,0.0,0.0,0.0,0.33,0.16,0.0,0.0,0.5,0.59,0.0,0.022000000000000002,55.0,807.0,0.0
745,0.19,0.0,0.0,0.19,0.0,0.39,0.98,0.19,0.39,0.59,0.78,0.19,0.0,0.0,0.0,0.16,0.16,31.0,730.0,1.0
746,0.0,0.0,0.0,0.0,0.0,0.0,0.0,0.0,0.0,3.7,0.0,0.0,0.0,0.0,0.0,4.7330000000000005,0.0,11.0,24.0,1.0
747,0.36,0.09,0.0,0.18,0.09,0.0,0.0,0.0,0.0,2.0,3.27,0.36,0.09,0.0,0.0,0.242,0.03,69.0,542.0,1.0
748,0.0,0.0,0.0,1.16,1.16,0.0,0.0,0.0,0.0,2.32,0.0,0.0,0.0,0.0,0.0,1.405,0.0,28.0,72.0,1.0
749,2.91,0.0,0.72,0.0,0.0,0.0,1.45,0.0,0.0,0.0,0.0,0.0,0.0,0.0,0.0,0.124,0.124,12.0,114.0,1.0
750,0.0,0.0,0.0,0.0,0.0,0.0,0.0,0.0,0.0,0.0,0.0,0.0,0.0,16.66,0.0,0.0,0.0,17.0,25.0,0.0
751,0.0,0.0,0.0,0.0,0.0,0.0,0.0,0.0,0.0,0.0,0.0,0.0,0.0,0.0,0.0,0.0,0.0,1.0,21.0,0.0
752,0.0,0.0,0.0,0.0,0.0,0.0,0.0,0.0,0.0,0.0,0.0,0.0,0.0,0.0,0.0,0.0,0.0,5.0,9.0,0.0
753,0.0,0.0,0.0,0.0,0.0,0.0,0.0,0.76,0.0,0.76,0.0,0.0,0.0,3.84,1.53,0.0,0.0,17.0,193.0,0.0
754,0.0,0.0,0.0,0.0,0.0,0.0,0.0,0.0,0.0,0.0,0.0,0.0,0.0,5.12,0.0,0.262,0.0,7.0,65.0,0.0
755,0.0,0.0,0.0,0.0,1.14,0.0,0.0,0.0,0.0,0.0,3.44,0.0,1.14,0.0,0.0,0.0,0.19699999999999998,35.0,81.0,1.0
756,0.16,0.24,0.0,0.16,0.0,0.08,0.0,0.0,0.32,2.37,1.23,0.49,1.14,0.0,0.0,0.736,0.256,84.0,701.0,1.0
757,0.0,0.0,0.0,0.0,0.0,0.0,0.0,0.0,0.0,1.45,0.0,0.0,0.0,0.72,6.56,0.124,0.0,30.0,85.0,0.0
758,0.1,0.0,0.0,0.0,0.52,0.0,0.0,0.1,0.0,0.21,0.1,0.0,0.0,0.47,0.52,0.0,0.013000000000000001,35.0,1329.0,0.0
759,0.0,0.0,0.0,0.0,0.44,0.0,0.14,0.0,0.0,3.14,1.64,0.0,0.14,0.0,0.0,0.083,0.05,60.0,326.0,1.0
760,0.0,0.0,0.0,0.0,0.0,0.0,20.0,0.0,0.0,0.0,0.0,0.0,0.0,0.0,0.0,0.0,0.0,1.0,4.0,0.0
761,0.0,0.0,0.0,0.0,0.0,0.31,0.0,0.0,0.63,0.95,0.47,0.0,0.0,3.34,0.63,0.174,0.0,100.0,608.0,0.0
762,0.0,0.0,0.0,0.0,0.0,0.0,0.0,0.0,0.0,0.0,0.0,0.0,0.0,0.0,0.0,0.0,0.0,1.0,5.0,0.0
763,0.0,0.0,0.0,0.0,0.0,0.0,0.0,0.0,0.0,0.71,0.0,0.0,0.0,0.0,0.0,0.243,0.0,1.0,31.0,0.0
764,0.0,0.0,0.0,0.0,0.0,0.0,0.0,0.0,0.0,0.0,0.0,0.0,0.0,0.0,0.0,0.125,0.0,27.0,158.0,0.0
765,1.05,2.1,1.05,0.0,0.0,0.0,0.0,0.0,0.0,3.15,1.05,2.1,0.0,0.0,0.0,0.17600000000000002,0.17600000000000002,6.0,41.0,1.0
766,0.99,0.0,0.99,0.0,0.0,0.0,0.49,0.49,0.0,4.45,0.99,1.48,0.0,0.0,0.0,1.1179999999999999,0.239,69.0,183.0,1.0
767,0.0,0.0,0.0,0.79,0.0,0.0,0.0,0.0,0.0,0.39,0.0,0.0,0.0,0.0,0.0,0.0,0.0,8.0,55.0,0.0
768,0.0,0.0,0.0,0.0,0.0,0.0,0.0,0.0,0.0,0.0,0.0,0.0,0.0,0.0,0.0,0.0,0.0,8.0,43.0,0.0
769,0.25,0.51,0.25,0.0,0.0,0.0,0.25,0.0,0.76,2.29,0.51,0.0,0.0,0.0,0.0,0.354,0.0,14.0,153.0,1.0
770,0.0,1.29,0.0,0.64,0.0,0.0,0.0,0.0,0.0,3.87,0.64,0.0,0.0,0.0,0.0,1.179,0.11699999999999999,12.0,63.0,1.0
771,0.0,0.0,0.0,0.0,0.0,0.41,0.0,0.0,0.0,2.91,1.66,0.0,0.0,0.41,0.41,0.28300000000000003,0.0,13.0,91.0,0.0
772,0.41,0.57,0.49,0.32,0.65,0.24,0.9,0.08,1.56,2.38,1.07,0.9,0.16,0.0,0.0,0.24100000000000002,0.228,683.0,1466.0,1.0
773,0.0,0.6,0.0,0.0,0.0,0.0,0.0,0.3,0.0,0.3,0.3,0.6,0.0,0.0,0.0,0.0,0.09699999999999999,77.0,210.0,1.0
774,2.25,0.0,0.56,0.0,0.0,0.0,0.56,3.38,0.0,3.95,1.69,0.0,0.0,0.0,0.0,1.217,0.34700000000000003,140.0,194.0,1.0
775,0.0,0.0,0.0,0.0,0.0,0.0,0.0,0.0,0.0,0.0,0.0,0.0,0.0,0.0,0.0,0.0,0.0,2.0,10.0,0.0
776,2.15,0.15,0.0,0.0,0.1,0.35,0.15,0.3,0.0,5.0,1.75,0.05,0.8,0.0,0.0,0.149,0.131,127.0,617.0,1.0
777,0.0,0.0,0.0,0.0,0.0,0.0,0.0,0.0,0.0,0.0,0.0,0.0,0.0,0.0,0.0,0.0,0.0,1.0,6.0,0.0
778,0.22,0.11,0.0,0.0,0.0,0.11,0.0,0.0,0.0,0.44,0.11,0.0,0.0,0.11,0.11,0.0,0.0,11.0,395.0,0.0
779,0.0,0.0,0.0,0.0,0.0,0.0,0.0,0.0,0.0,0.0,0.0,0.0,0.0,0.0,0.0,0.0,0.0,24.0,35.0,0.0
780,0.76,0.0,0.5,0.5,0.0,0.0,0.0,0.0,1.52,2.03,1.52,0.76,0.0,0.0,0.0,0.41200000000000003,0.41200000000000003,19.0,249.0,1.0
781,0.0,0.0,0.0,0.0,0.0,0.0,0.0,0.0,0.0,2.38,2.38,0.0,0.0,2.38,2.38,0.809,0.809,11.0,27.0,0.0
782,0.0,0.0,0.0,0.0,0.0,0.0,2.04,0.0,0.0,1.02,0.0,0.0,0.0,0.0,0.0,0.174,0.0,7.0,59.0,1.0
783,0.73,0.0,0.0,0.0,0.0,0.0,0.36,0.0,0.0,3.69,0.73,0.0,0.36,0.0,0.0,0.23800000000000002,0.059000000000000004,29.0,211.0,1.0
784,1.17,0.0,0.0,0.0,0.0,0.0,0.0,0.11,0.0,0.47,0.7,0.11,0.0,1.29,0.11,0.0,0.0,7.0,162.0,0.0
785,0.0,0.0,0.0,0.0,0.0,0.0,0.0,0.0,0.0,2.56,0.0,0.0,0.0,0.0,0.0,0.0,0.0,7.0,34.0,0.0
786,0.0,0.4,0.0,0.0,0.0,0.0,0.4,0.0,0.4,0.4,0.4,0.0,0.0,0.0,0.0,0.0,0.0,70.0,300.0,0.0
787,0.53,0.0,1.07,0.0,0.0,0.0,0.0,0.0,1.61,1.07,0.0,0.0,0.0,0.0,0.0,0.0,0.0,14.0,119.0,1.0
788,0.0,0.0,0.0,0.0,0.0,0.0,0.0,0.0,0.0,0.0,0.0,0.0,0.0,12.88,0.0,0.037000000000000005,0.0,30.0,2051.0,0.0
789,0.0,0.0,0.0,0.0,0.0,0.0,0.0,0.0,0.0,0.0,0.0,0.0,0.0,0.0,0.0,0.0,0.0,15.0,20.0,0.0
790,0.0,0.0,0.0,0.0,0.0,0.0,0.0,0.0,0.0,0.0,0.0,0.0,0.0,0.49,0.0,0.0,0.0,5.0,30.0,0.0
791,0.0,0.0,0.0,0.54,0.0,0.0,1.08,0.0,0.27,1.08,0.27,0.27,0.54,0.0,0.0,0.45799999999999996,0.504,64.0,578.0,1.0
792,0.63,0.63,0.31,0.31,0.0,0.0,0.31,0.31,0.0,2.55,3.19,0.0,0.31,0.0,0.0,0.0,0.163,10.0,144.0,1.0
793,0.0,0.0,0.0,0.0,0.0,0.0,0.0,0.0,0.15,0.62,0.31,0.0,0.0,1.56,0.31,0.0,0.0,12.0,323.0,0.0
794,0.3,0.0,0.0,0.0,0.51,0.0,0.0,0.0,0.05,0.2,0.15,0.0,0.0,0.67,0.72,0.0,0.013999999999999999,85.0,1423.0,0.0
795,0.75,0.0,0.5,0.25,0.0,0.0,0.0,0.0,1.51,2.02,1.51,0.75,0.0,0.0,0.0,0.43200000000000005,0.43200000000000005,19.0,247.0,1.0
796,0.17,0.0,0.17,0.0,0.69,0.17,1.74,0.0,0.69,1.04,0.17,0.0,0.0,0.17,0.0,0.754,0.6809999999999999,52.0,967.0,1.0
797,0.0,0.0,0.49,0.0,0.0,0.0,2.94,0.0,0.0,1.47,0.0,0.0,0.0,0.0,0.0,0.862,0.0,272.0,571.0,1.0
798,0.0,0.0,0.0,0.0,0.0,0.0,0.0,0.0,0.0,3.5,0.87,0.0,0.87,0.0,0.0,0.0,0.138,21.0,47.0,0.0
799,0.0,0.0,0.0,0.06,0.13,0.13,0.13,0.13,0.0,0.0,0.06,0.0,0.0,2.54,0.13,0.0,0.0,20.0,787.0,0.0
800,0.49,0.0,0.0,0.24,0.0,0.24,0.99,0.24,0.0,2.47,0.74,0.0,0.0,0.0,0.0,0.478,0.0,44.0,175.0,1.0
801,0.0,0.0,0.0,0.0,0.0,0.0,0.0,0.0,0.0,1.81,0.0,0.0,0.0,0.0,0.0,0.0,0.0,9.0,41.0,0.0
802,0.0,0.0,0.0,0.0,0.0,0.0,0.0,0.0,0.0,0.0,0.0,0.0,0.0,0.0,0.0,0.523,0.0,10.0,36.0,0.0
803,0.31,0.0,0.31,0.0,0.31,0.31,0.0,0.0,0.31,0.63,0.63,0.0,0.0,0.0,0.0,0.0,0.0,46.0,259.0,0.0
804,0.0,0.0,0.0,0.0,0.0,0.0,1.61,0.0,0.0,0.0,0.0,0.0,0.0,0.0,0.0,0.23800000000000002,0.0,11.0,104.0,1.0
805,0.0,0.0,0.0,0.0,0.0,0.0,0.0,1.04,0.0,0.0,0.0,0.0,0.0,1.04,0.0,0.0,0.0,21.0,79.0,0.0
806,1.56,0.0,0.0,0.0,0.0,0.0,0.0,0.0,1.56,1.56,1.56,0.0,0.0,0.0,0.0,0.0,0.0,1.0,11.0,0.0
807,0.39,0.0,0.0,0.0,0.0,0.78,3.54,0.0,0.0,1.18,1.18,0.0,0.0,0.0,0.0,0.843,0.129,42.0,364.0,1.0
808,0.65,0.65,0.32,0.32,0.0,0.0,0.32,0.32,0.0,2.28,3.25,0.0,0.32,0.0,0.0,0.0,0.158,10.0,139.0,1.0
809,0.0,0.0,0.0,0.0,0.0,0.0,0.0,0.0,0.0,3.48,2.32,0.0,2.32,0.0,0.0,0.0,0.0,42.0,131.0,1.0
810,0.16,0.24,0.0,0.0,0.24,0.0,0.0,0.0,0.08,0.88,0.48,0.4,0.72,0.0,0.0,0.233,0.20199999999999999,102.0,1481.0,1.0
811,0.0,0.0,0.0,0.0,0.0,0.0,0.0,0.0,0.0,0.0,0.0,0.0,0.0,4.41,4.41,0.0,0.0,10.0,59.0,0.0
812,2.0,0.0,1.0,0.0,0.0,0.0,0.0,2.0,3.0,2.0,4.0,1.0,1.0,0.0,0.0,0.275,0.13699999999999998,11.0,33.0,1.0
813,1.56,0.0,0.0,0.0,0.0,0.0,0.0,0.0,0.0,3.12,0.0,0.0,0.0,3.12,1.56,0.0,0.0,11.0,38.0,0.0
814,1.15,0.76,0.0,0.0,0.0,0.0,0.38,0.0,0.38,2.69,2.3,0.0,0.38,0.0,0.0,0.061,0.061,20.0,158.0,1.0
815,0.0,0.0,0.0,0.0,0.0,0.0,0.0,0.0,0.0,0.0,0.0,0.0,0.0,0.0,0.0,0.0,0.0,26.0,124.0,0.0
816,0.31,0.0,0.15,0.0,0.63,0.15,1.11,0.0,1.27,0.79,0.0,0.0,0.0,0.95,0.0,0.862,0.7070000000000001,51.0,1128.0,1.0
817,0.4,0.0,0.0,0.0,0.0,0.3,0.0,0.1,0.0,1.01,0.5,0.0,0.0,2.93,0.0,0.013999999999999999,0.0,63.0,545.0,0.0
818,3.44,0.0,0.0,0.0,0.0,0.0,0.0,0.0,0.0,3.44,0.0,0.0,0.0,0.0,0.0,0.0,0.0,4.0,15.0,0.0
819,0.0,0.0,0.0,0.0,0.0,0.0,0.02,0.0,0.0,0.02,0.0,0.0,0.0,0.0,0.0,1.5419999999999998,1.785,9989.0,10062.0,1.0
820,0.1,0.1,0.0,0.0,0.0,0.0,0.05,0.05,0.0,0.64,0.0,0.1,0.0,0.0,0.0,0.0,0.008,12.0,244.0,0.0
821,0.16,0.0,0.16,0.0,0.65,0.16,1.64,0.0,0.65,0.82,0.0,0.0,0.0,0.0,0.0,0.9059999999999999,0.6629999999999999,52.0,1116.0,1.0
822,0.61,0.3,0.4,0.1,1.42,0.1,0.1,0.0,1.01,2.34,2.03,0.0,0.3,0.0,0.0,0.9279999999999999,0.384,56.0,1043.0,1.0
823,0.47,0.0,1.41,0.0,0.0,0.47,0.47,0.0,1.88,1.41,1.41,0.0,0.0,0.0,0.0,0.145,0.145,54.0,194.0,1.0
824,0.27,0.2,0.0,0.27,0.27,0.41,1.11,0.69,0.06,2.23,0.97,0.06,0.69,0.0,0.0,0.75,0.305,94.0,966.0,1.0
825,1.04,0.0,0.0,0.0,0.0,0.0,0.0,0.0,0.0,0.52,0.52,0.0,0.0,1.83,1.57,0.0,0.045,13.0,155.0,0.0
826,0.0,0.0,0.0,0.0,0.0,0.0,0.16,0.0,0.0,2.43,0.32,0.0,0.0,0.0,0.0,0.08199999999999999,0.0,47.0,167.0,0.0
827,1.02,0.0,0.0,0.0,0.68,0.0,0.0,0.0,0.0,0.34,0.68,0.0,0.0,0.34,0.0,0.898,0.105,1325.0,1330.0,1.0
828,0.0,1.28,0.0,0.64,0.0,0.0,0.0,0.0,0.0,3.84,0.64,0.0,0.0,0.0,0.0,1.103,0.11,12.0,64.0,1.0
829,0.0,0.0,0.0,0.0,0.0,0.0,0.0,0.0,0.0,0.0,0.0,0.0,0.0,0.0,0.0,0.0,0.0,7.0,48.0,0.0
830,4.54,0.0,0.0,0.0,0.0,0.0,0.0,0.0,0.0,0.0,0.0,0.0,0.0,0.0,0.0,0.0,0.0,5.0,16.0,0.0
831,0.0,0.0,0.0,0.0,0.0,0.0,0.0,0.0,0.0,0.0,0.0,0.0,0.0,0.0,0.0,0.0,0.0,7.0,59.0,0.0
832,0.48,0.0,0.0,0.48,0.0,0.0,0.0,0.48,0.48,2.41,2.41,3.38,0.0,0.0,0.0,0.084,0.7609999999999999,46.0,165.0,1.0
833,0.0,0.0,0.0,0.0,0.0,0.0,0.0,0.0,0.0,8.1,0.0,0.0,0.0,0.0,0.0,0.0,0.0,1.0,5.0,0.0
834,0.71,0.0,0.0,0.0,0.0,0.0,0.71,0.0,0.0,1.42,0.71,0.0,0.0,0.0,0.0,1.094,0.0,16.0,95.0,1.0
835,0.0,0.0,0.0,0.0,0.0,0.0,0.0,0.0,0.0,0.0,0.0,0.0,0.0,15.38,0.0,0.0,0.0,19.0,24.0,0.0
836,0.0,0.0,0.0,0.0,0.0,0.0,1.4,0.0,0.0,0.0,0.0,0.0,0.0,0.0,0.0,0.0,0.0,9.0,46.0,0.0
837,0.0,0.0,0.0,0.0,0.0,0.0,0.0,0.0,0.0,0.0,0.0,0.0,0.0,0.0,0.0,0.0,0.7190000000000001,2.0,10.0,0.0
838,1.45,0.36,0.0,0.0,0.0,0.0,0.72,0.0,0.0,2.54,0.72,0.0,0.0,0.36,0.36,0.963,0.113,47.0,139.0,1.0
839,0.0,0.0,0.0,0.0,0.0,0.0,0.0,0.0,0.0,0.0,0.0,0.0,0.0,0.0,0.0,0.21,0.632,15.0,60.0,1.0
840,0.87,0.43,0.0,0.0,0.0,0.0,0.0,0.0,0.43,0.43,0.0,0.0,0.0,1.74,1.74,0.059000000000000004,0.0,15.0,212.0,0.0
841,0.45,0.0,0.0,1.81,0.6,0.0,0.0,0.0,0.0,4.07,1.51,0.0,0.3,0.0,0.0,1.318,0.068,130.0,774.0,1.0
842,0.0,0.98,0.19,0.19,1.38,0.0,0.98,0.0,0.0,2.56,1.38,0.0,1.38,0.0,0.0,0.7490000000000001,0.31,76.0,632.0,1.0
843,0.56,0.0,0.0,0.0,0.0,0.0,0.0,0.0,0.0,0.0,0.0,0.0,0.0,3.03,0.0,0.0,0.11199999999999999,19.0,232.0,0.0
844,0.24,0.0,0.0,0.73,0.0,0.0,0.0,0.0,0.0,4.9,1.22,0.0,0.0,0.0,0.0,0.544,0.077,22.0,111.0,1.0
845,0.0,0.0,0.0,0.0,0.0,0.0,0.0,0.0,0.0,1.29,0.43,0.0,0.0,0.86,0.0,0.146,0.0,6.0,55.0,0.0
846,1.41,0.0,0.47,0.0,0.0,0.47,0.94,0.0,0.0,1.88,0.94,0.0,0.0,0.0,0.0,0.218,0.0,6.0,54.0,1.0
847,0.0,0.0,0.0,0.0,0.0,0.0,1.19,0.0,0.0,2.38,0.0,0.0,0.0,0.0,0.0,0.2,0.0,4.0,19.0,0.0
848,0.49,0.0,0.0,0.0,0.0,0.0,0.0,0.0,0.0,0.99,0.0,0.0,0.0,0.0,0.0,0.091,0.0,5.0,51.0,0.0
849,0.34,0.22,0.0,0.0,1.02,0.0,0.0,0.0,0.0,0.45,0.22,0.0,0.0,0.68,0.79,0.0,0.032,32.0,549.0,0.0
850,0.0,0.0,0.0,0.0,0.0,0.0,0.0,0.0,0.0,7.35,1.47,0.0,0.0,0.0,0.0,0.0,0.0,15.0,36.0,1.0
851,0.0,0.0,0.0,0.0,0.0,0.0,0.0,0.0,0.0,0.0,0.0,0.0,0.0,0.0,0.0,0.0,0.0,10.0,112.0,0.0
852,0.0,0.19,0.0,0.0,0.0,0.19,0.38,0.0,0.19,1.14,0.38,0.0,0.0,0.0,0.0,0.0,0.0,21.0,15841.0,1.0
853,0.0,0.0,0.0,0.0,0.0,0.0,0.0,0.0,0.0,0.26,0.0,0.0,0.0,3.76,2.68,0.045,0.0,11.0,158.0,0.0
854,0.0,1.12,0.0,0.0,0.0,0.0,0.0,0.0,1.12,2.24,1.12,1.12,0.0,0.0,0.0,0.0,6.002999999999999,14.0,45.0,1.0
855,0.0,0.0,0.0,0.0,0.0,0.0,0.0,0.0,0.0,0.0,0.0,0.0,0.0,0.0,0.0,0.0,0.0,5.0,8.0,0.0
856,0.43,0.0,0.86,0.0,0.0,0.0,0.0,0.86,0.43,1.29,4.76,0.0,1.29,0.0,0.0,0.915,0.0,47.0,144.0,1.0
857,0.0,0.0,0.0,0.0,0.0,0.0,0.0,0.0,0.0,3.63,0.9,0.0,0.45,0.0,0.0,0.077,0.0,15.0,68.0,0.0
858,0.0,0.67,0.0,0.67,0.0,0.0,0.0,0.0,0.0,0.0,0.0,0.0,0.0,2.02,1.35,0.0,0.0,24.0,142.0,0.0
859,0.0,0.94,0.0,0.18,0.37,0.0,0.0,0.37,0.0,2.45,0.94,0.0,0.18,0.0,0.0,0.242,0.107,35.0,244.0,1.0
860,0.0,0.0,0.0,0.0,0.0,0.0,0.0,0.0,0.0,0.0,0.0,0.0,0.0,0.0,0.0,0.0,0.0,2.0,9.0,0.0
861,0.0,0.0,0.0,0.0,0.0,0.0,0.0,0.13,0.0,0.8,0.53,0.0,0.0,0.0,0.0,0.013999999999999999,0.42700000000000005,143.0,1538.0,0.0
862,0.34,0.0,0.51,0.0,0.0,0.0,0.34,0.17,1.02,4.96,1.36,0.0,0.0,0.0,0.0,0.126,0.0,40.0,224.0,1.0
863,0.28,0.28,0.0,1.4,0.28,0.28,0.0,1.4,0.56,1.69,3.09,0.0,0.0,0.0,0.0,1.2819999999999998,0.094,63.0,339.0,1.0
864,0.0,0.0,0.0,0.0,0.0,0.0,0.0,0.0,0.0,0.0,0.0,0.0,0.0,0.0,0.0,0.0,0.0,1.0,3.0,0.0
865,0.3,0.3,0.61,0.0,0.61,0.0,0.3,0.3,0.61,1.84,0.92,0.0,0.0,0.0,0.0,0.10300000000000001,0.051,64.0,343.0,1.0
866,0.14,0.03,0.03,0.1,0.56,0.28,0.24,0.45,0.0,3.19,1.43,0.38,0.63,0.0,0.0,0.45299999999999996,0.5429999999999999,286.0,2207.0,1.0
867,0.0,0.0,0.0,0.0,0.0,0.0,0.0,0.0,0.0,1.47,0.73,0.0,0.0,0.0,0.73,0.0,0.0,5.0,53.0,0.0
868,0.0,0.0,0.0,0.0,0.0,0.0,0.0,0.0,0.0,0.42,2.11,0.0,0.0,2.32,0.0,0.027999999999999997,0.084,62.0,411.0,0.0
869,0.18,0.0,0.0,0.0,0.54,0.36,0.72,0.0,0.18,2.7,0.72,0.0,0.54,0.0,0.0,0.633,0.063,363.0,841.0,1.0
870,0.5,0.5,0.5,0.0,0.0,0.0,0.0,1.01,1.01,3.04,1.01,0.0,0.0,0.0,0.0,0.17800000000000002,0.0,17.0,95.0,1.0
871,0.0,0.0,0.0,0.0,0.0,0.0,0.0,0.0,0.0,1.31,5.26,0.0,1.31,0.0,0.0,0.0,0.21,25.0,54.0,1.0
872,0.0,0.0,0.0,0.0,0.0,0.0,0.0,0.0,0.0,0.0,0.0,0.0,0.0,0.0,0.0,0.0,0.0,26.0,37.0,0.0
873,0.0,0.0,0.0,0.0,0.0,0.0,0.0,0.0,0.0,4.37,0.62,0.0,0.0,0.0,0.0,0.0,0.11599999999999999,5.0,44.0,0.0
874,0.46,0.0,0.46,1.4,0.0,0.0,0.0,0.0,0.0,2.8,1.86,0.0,0.0,0.0,0.0,0.37,0.0,54.0,313.0,1.0
875,0.35,0.0,0.0,0.0,0.35,0.0,0.0,0.0,0.0,1.4,3.5,0.0,0.0,0.0,0.0,0.0,0.0,17.0,226.0,0.0
876,0.0,0.0,0.0,0.0,0.0,0.0,0.0,0.0,0.0,0.4,0.4,0.0,0.0,1.2,0.8,0.049,0.0,9.0,135.0,0.0
877,1.05,2.1,1.05,0.0,0.0,0.0,0.0,0.0,0.0,3.15,1.05,2.1,0.0,0.0,0.0,0.171,0.171,6.0,41.0,1.0
878,0.64,0.0,0.0,0.0,0.0,0.0,0.0,0.0,0.0,0.0,1.28,0.0,0.0,0.64,0.64,0.209,0.0,22.0,102.0,0.0
879,0.0,0.31,0.0,0.0,0.0,0.0,0.0,0.0,0.0,0.62,0.0,0.0,0.0,0.0,0.0,0.0,0.0,3.0,88.0,0.0
880,1.56,0.0,0.0,0.0,0.0,0.0,0.31,0.62,0.0,2.82,0.62,0.0,0.0,0.0,0.0,0.0,0.0,22.0,113.0,1.0
881,0.0,0.0,0.0,0.0,0.0,0.0,0.0,0.0,0.0,0.0,0.0,0.0,0.0,0.0,0.0,0.0,0.0,13.0,47.0,0.0
882,0.0,0.0,0.0,0.0,0.0,0.0,0.0,0.0,0.0,3.03,0.0,0.0,0.0,0.0,0.0,0.473,0.0,5.0,27.0,0.0
883,0.0,0.0,0.0,0.0,0.0,0.0,0.0,0.0,0.0,7.69,0.0,0.0,0.0,0.0,0.0,0.0,0.0,2.0,9.0,0.0
884,0.0,0.0,0.0,0.0,0.0,0.0,0.0,0.0,0.0,0.68,0.34,0.0,0.0,5.86,2.75,0.055,0.055,15.0,244.0,0.0
885,0.0,0.0,0.0,0.0,0.0,0.0,0.0,0.0,0.0,0.8,0.0,0.0,0.8,0.0,0.0,0.0,0.265,3.0,31.0,0.0
886,0.0,0.0,0.0,0.0,0.0,0.0,0.0,0.0,0.0,1.08,0.0,0.0,0.0,7.6,2.17,0.0,0.0,13.0,92.0,0.0
887,0.78,0.0,0.0,0.0,0.78,0.0,0.78,0.0,0.0,1.56,0.0,0.0,0.0,0.78,0.78,0.0,0.136,11.0,76.0,0.0
888,0.0,0.0,0.0,0.0,0.0,0.0,0.0,0.0,0.0,2.17,0.0,0.0,0.0,0.0,0.0,0.0,0.0,15.0,105.0,0.0
889,1.02,0.0,0.0,0.51,0.0,0.0,0.51,0.51,0.0,0.51,0.0,0.0,0.0,0.0,0.0,0.0,0.0,9.0,108.0,0.0
890,1.23,0.0,0.0,0.0,0.0,0.0,0.0,0.0,0.0,1.23,0.0,0.0,0.0,0.0,0.0,0.0,0.0,2.0,18.0,0.0
891,0.0,0.4,0.0,0.0,0.0,0.0,0.0,0.0,0.0,1.63,0.4,0.0,0.0,0.0,0.0,0.0,0.0,3.0,59.0,0.0
892,0.0,0.0,0.0,0.0,0.0,0.0,0.0,0.0,0.0,0.0,0.0,0.0,0.0,0.0,0.0,0.0,0.0,5.0,12.0,0.0
893,0.0,0.0,0.0,0.0,0.0,0.0,0.0,0.0,0.0,0.0,0.0,0.0,0.0,0.0,0.0,0.0,0.0,1.0,4.0,0.0
894,0.0,0.0,0.0,0.0,0.0,0.0,2.4,0.0,0.0,2.4,2.4,0.0,0.0,0.0,0.0,0.151,0.302,11.0,47.0,1.0
895,0.94,0.0,0.0,0.0,0.0,0.0,0.0,0.0,0.0,1.88,2.83,0.0,0.0,0.0,0.0,0.44299999999999995,0.0,31.0,107.0,1.0
896,0.0,0.0,0.0,0.0,0.0,0.0,0.0,0.0,0.0,0.0,0.0,0.0,0.0,8.69,4.34,0.0,0.0,11.0,30.0,0.0
897,0.0,0.23,0.23,0.23,0.0,0.0,0.0,0.0,0.0,0.23,0.0,0.23,0.0,0.0,0.0,0.0,0.0,74.0,207.0,0.0
898,0.68,0.45,0.0,0.45,0.0,0.22,0.0,0.91,1.83,1.83,0.68,1.6,0.0,0.0,0.0,0.187,0.11199999999999999,30.0,363.0,1.0
899,0.0,0.0,0.0,0.0,0.0,0.0,0.0,0.0,0.0,0.0,0.0,0.0,0.0,1.21,1.21,0.0,0.0,11.0,99.0,0.0
900,0.0,0.0,0.0,0.0,0.0,0.0,0.0,0.0,0.0,0.0,0.0,0.0,0.0,9.52,4.76,0.0,0.0,11.0,30.0,0.0
901,0.0,0.98,0.19,0.19,1.38,0.0,0.98,0.0,0.0,2.56,1.38,0.0,1.38,0.0,0.0,0.741,0.306,76.0,632.0,1.0
902,0.47,0.47,0.15,0.79,0.15,0.31,0.0,1.58,0.0,2.05,3.95,0.15,0.47,0.0,0.0,1.3,0.127,97.0,650.0,1.0
903,0.33,0.16,0.33,0.84,0.16,0.33,0.0,1.68,0.33,2.18,3.69,0.0,0.33,0.0,0.0,1.194,0.054000000000000006,101.0,657.0,1.0
904,0.0,0.0,0.0,0.0,0.0,0.0,0.0,0.0,0.0,0.0,0.0,0.0,0.0,0.0,0.0,0.392,0.196,22.0,82.0,1.0
905,0.0,0.0,0.0,0.0,0.0,0.0,0.0,0.0,0.0,0.0,0.0,0.0,0.0,0.0,0.0,0.0,0.0,1.0,6.0,0.0
906,0.0,0.0,0.0,0.0,0.0,0.0,0.0,0.0,0.0,2.53,0.0,0.0,0.0,0.0,0.0,0.649,0.0,46.0,94.0,1.0
907,0.0,0.49,0.0,0.0,0.0,0.0,0.0,0.0,0.0,2.47,0.99,0.0,0.0,0.0,0.0,0.09300000000000001,0.0,4.0,51.0,0.0
908,0.33,0.16,0.33,0.84,0.16,0.33,0.0,1.68,0.33,2.02,3.87,0.0,0.33,0.0,0.0,1.1179999999999999,0.054000000000000006,63.0,621.0,1.0
909,0.0,0.0,0.0,11.11,0.0,0.0,0.0,0.0,0.0,0.0,11.11,0.0,0.0,0.0,0.0,0.0,0.0,1.0,4.0,1.0
910,0.0,0.0,0.0,0.0,0.0,0.0,0.0,0.0,0.0,0.0,0.0,0.0,0.0,3.41,0.97,0.078,0.0,16.0,171.0,0.0
911,0.0,0.0,0.0,0.0,0.0,0.0,0.0,0.0,0.0,1.88,0.0,0.0,1.88,0.0,0.0,0.0,0.0,13.0,78.0,1.0
912,0.0,0.0,0.0,0.0,0.0,0.0,0.0,0.0,0.0,0.0,0.0,0.0,0.0,2.8,1.86,0.0,0.0,13.0,86.0,0.0
913,0.89,0.0,0.0,0.0,0.0,0.0,0.44,0.0,0.0,4.46,1.78,0.0,0.44,0.0,0.0,1.083,0.14400000000000002,28.0,153.0,1.0
914,0.0,0.0,0.0,0.0,0.0,0.0,0.0,0.0,0.0,0.0,0.0,0.0,0.0,0.0,0.0,0.0,0.0,1.0,7.0,0.0
915,0.45,0.0,0.15,0.0,0.61,0.0,0.61,0.61,0.0,1.83,2.75,0.0,0.3,0.0,0.0,0.698,0.067,63.0,801.0,1.0
916,0.0,0.0,0.0,0.0,0.0,0.0,0.0,0.0,0.0,0.0,1.38,0.0,0.0,0.0,0.0,0.486,0.0,11.0,59.0,1.0
917,0.0,0.0,0.0,0.0,0.0,0.0,0.0,0.0,0.0,1.62,0.0,0.0,0.0,0.0,0.0,0.0,0.0,27.0,69.0,0.0
918,0.0,0.0,0.0,0.0,0.0,0.0,0.0,0.0,0.0,1.16,1.16,0.0,0.0,0.0,0.0,0.14800000000000002,0.0,18.0,71.0,0.0
919,0.0,0.0,0.0,0.0,0.0,0.0,0.0,0.0,0.0,0.0,0.0,0.0,0.0,0.0,0.0,0.0,0.0,28.0,195.0,0.0
